<METurn METURNVERSION="V2.0.2"><TurnInfo><GameNo>143</GameNo><TurnNo>6</TurnNo><NationNo>5</NationNo><GameType>Fourth Age, circa 1000</GameType><NationCapitalHex>0713</NationCapitalHex><DueDate>OCTOBER 28 2013</DueDate><Secret>7565</Secret><Player>PAUL MAHONEY</Player><Account>110713</Account><NationEliminated>0</NationEliminated><Int>9E6B9A686A9B9867946A6599</Int></TurnInfo><Characters><Character ID="rustf"><Name>Rustfindel</Name><Location>0611</Location><Nation>5</Nation><Command>0</Command><TotalCommand>0</TotalCommand><Agent>0</Agent><TotalAgent>0</TotalAgent><Emmisary>45</Emmisary><TotalEmmisary>45</TotalEmmisary><Mage>10</Mage><TotalMage>10</TotalMage><Stealth>0</Stealth><TotalStealth>0</TotalStealth><Challenge>44</Challenge><Health>100</Health><Title></Title><InformationSource>0</InformationSource><Artifacts><Artifact>#71 Sickle of the Heavens</Artifact></Artifacts><Spells><Spell>#314 Teleport(50)</Spell></Spells></Character><Character ID="angel"><Name>Angelimar</Name><Location>0713</Location><Nation>5</Nation><Command>30</Command><TotalCommand>30</TotalCommand><Agent>0</Agent><TotalAgent>0</TotalAgent><Emmisary>0</Emmisary><TotalEmmisary>0</TotalEmmisary><Mage>0</Mage><TotalMage>0</TotalMage><Stealth>0</Stealth><TotalStealth>0</TotalStealth><Challenge>30</Challenge><Health>100</Health><Title></Title><InformationSource>0</InformationSource><Artifacts/><Spells/></Character><Character ID="gwano"><Name>Gwanod Neber</Name><Location>0713</Location><Nation>5</Nation><Command>35</Command><TotalCommand>35</TotalCommand><Agent>0</Agent><TotalAgent>0</TotalAgent><Emmisary>0</Emmisary><TotalEmmisary>0</TotalEmmisary><Mage>0</Mage><TotalMage>0</TotalMage><Stealth>0</Stealth><TotalStealth>0</TotalStealth><Challenge>50</Challenge><BonusChallenge/><Health>100</Health><Title></Title><InformationSource>0</InformationSource><Artifacts/><Spells/></Character><Character ID="ithil"><Name>Ithilvir</Name><Location>0713</Location><Nation>5</Nation><Command>36</Command><TotalCommand>36</TotalCommand><Agent>0</Agent><TotalAgent>0</TotalAgent><Emmisary>13</Emmisary><TotalEmmisary>13</TotalEmmisary><Mage>30</Mage><TotalMage>30</TotalMage><Stealth>0</Stealth><TotalStealth>0</TotalStealth><Challenge>45</Challenge><Health>100</Health><Title></Title><InformationSource>0</InformationSource><Artifacts/><Spells><Spell>#4 Major Heal(57)</Spell><Spell>#104 Resistances(85)</Spell><Spell>#308 Capital Return(87)</Spell></Spells></Character><Character ID="menel"><Name>Menelrandir</Name><Location>0713</Location><Nation>5</Nation><Command>0</Command><TotalCommand>0</TotalCommand><Agent>0</Agent><TotalAgent>0</TotalAgent><Emmisary>0</Emmisary><TotalEmmisary>0</TotalEmmisary><Mage>40</Mage><TotalMage>40</TotalMage><Stealth>0</Stealth><TotalStealth>0</TotalStealth><Challenge>40</Challenge><Health>100</Health><Title></Title><InformationSource>0</InformationSource><Artifacts/><Spells><Spell>#102 Barriers(88)</Spell><Spell>#308 Capital Return(67)</Spell><Spell>#416 Reveal Production(51)</Spell></Spells></Character><Character ID="lhing"><Name>Lhingril</Name><Location>0814</Location><Nation>5</Nation><Command>13</Command><TotalCommand>13</TotalCommand><Agent>19</Agent><TotalAgent>19</TotalAgent><Emmisary>0</Emmisary><TotalEmmisary>0</TotalEmmisary><Mage>20</Mage><TotalMage>20</TotalMage><Stealth>0</Stealth><TotalStealth>0</TotalStealth><Challenge>26</Challenge><Health>100</Health><Title></Title><InformationSource>0</InformationSource><Artifacts/><Spells><Spell>#308 Capital Return(94)</Spell></Spells></Character><Character ID="celeg"><Name>Celeglang</Name><Location>1319</Location><Nation>5</Nation><Command>34</Command><TotalCommand>34</TotalCommand><Agent>0</Agent><TotalAgent>0</TotalAgent><Emmisary>0</Emmisary><TotalEmmisary>0</TotalEmmisary><Mage>33</Mage><TotalMage>33</TotalMage><Stealth>0</Stealth><TotalStealth>0</TotalStealth><Challenge>42</Challenge><Health>100</Health><Title></Title><InformationSource>0</InformationSource><Artifacts/><Spells><Spell>#104 Resistances(80)</Spell><Spell>#108 Blessings(86)</Spell><Spell>#314 Teleport(60)</Spell></Spells></Character><Character ID="lhiml"><Name>Lhimlug</Name><Location>1319</Location><Nation>5</Nation><Command>46</Command><TotalCommand>46</TotalCommand><Agent>0</Agent><TotalAgent>0</TotalAgent><Emmisary>0</Emmisary><TotalEmmisary>0</TotalEmmisary><Mage>0</Mage><TotalMage>0</TotalMage><Stealth>0</Stealth><TotalStealth>0</TotalStealth><Challenge>46</Challenge><Health>100</Health><Title></Title><InformationSource>0</InformationSource><Artifacts/><Spells/></Character><Character ID="sereg"><Name>Sereglir</Name><Location>1713</Location><Nation>5</Nation><Command>30</Command><TotalCommand>30</TotalCommand><Agent>0</Agent><TotalAgent>0</TotalAgent><Emmisary>0</Emmisary><TotalEmmisary>0</TotalEmmisary><Mage>0</Mage><TotalMage>0</TotalMage><Stealth>0</Stealth><TotalStealth>0</TotalStealth><Challenge>30</Challenge><Health>100</Health><Title></Title><InformationSource>0</InformationSource><Artifacts/><Spells/></Character><Character ID="tinnu"><Name>Tinnungil</Name><Location>1713</Location><Nation>5</Nation><Command>0</Command><TotalCommand>0</TotalCommand><Agent>0</Agent><TotalAgent>0</TotalAgent><Emmisary>0</Emmisary><TotalEmmisary>0</TotalEmmisary><Mage>60</Mage><TotalMage>60</TotalMage><Stealth>0</Stealth><TotalStealth>0</TotalStealth><Challenge>60</Challenge><Health>100</Health><Title></Title><InformationSource>0</InformationSource><Artifacts/><Spells><Spell>#314 Teleport(78)</Spell><Spell>#413 Scry Population Center(100)</Spell><Spell>#415 Scry Area(95)</Spell><Spell>#416 Reveal Production(87)</Spell><Spell>#420 Reveal Character(85)</Spell><Spell>#502 Weakness(100)</Spell></Spells></Character><Character ID="morne"><Name>Mornedhel</Name><Location>2309</Location><Nation>5</Nation><Command>0</Command><TotalCommand>0</TotalCommand><Agent>40</Agent><TotalAgent>55</TotalAgent><Emmisary>36</Emmisary><TotalEmmisary>36</TotalEmmisary><Mage>30</Mage><TotalMage>30</TotalMage><Stealth>0</Stealth><TotalStealth>0</TotalStealth><Challenge>53</Challenge><Health>100</Health><Title></Title><InformationSource>0</InformationSource><Artifacts><Artifact>#170 Rat Gauntlets</Artifact></Artifacts><Spells><Spell>#314 Teleport(57)</Spell><Spell>#408 Perceive Nationality(63)</Spell><Spell>#422 Perceive Power(90)</Spell></Spells></Character><Character ID="glana"><Name>Glanalph</Name><Location>4215</Location><Nation>5</Nation><Command>0</Command><TotalCommand>0</TotalCommand><Agent>0</Agent><TotalAgent>0</TotalAgent><Emmisary>58</Emmisary><TotalEmmisary>58</TotalEmmisary><Mage>20</Mage><TotalMage>20</TotalMage><Stealth>0</Stealth><TotalStealth>0</TotalStealth><Challenge>34</Challenge><Health>100</Health><Title></Title><InformationSource>0</InformationSource><Artifacts/><Spells><Spell>#302 Long Stride(90)</Spell><Spell>#304 Fast Stride(95)</Spell></Spells></Character><Character ID="caran"><Name>Caranachad</Name><Location>4408</Location><Nation>5</Nation><Command>0</Command><TotalCommand>0</TotalCommand><Agent>0</Agent><TotalAgent>0</TotalAgent><Emmisary>56</Emmisary><TotalEmmisary>56</TotalEmmisary><Mage>52</Mage><TotalMage>52</TotalMage><Stealth>0</Stealth><TotalStealth>0</TotalStealth><Challenge>59</Challenge><Health>100</Health><Title></Title><InformationSource>0</InformationSource><Artifacts/><Spells><Spell>#314 Teleport(83)</Spell><Spell>#412 Research Artifact(100)</Spell><Spell>#418 Locate Artifact(77)</Spell><Spell>#428 Locate Artifact True(63)</Spell><Spell>#502 Weakness(76)</Spell></Spells></Character></Characters>
<Economy><Nation><ArmyMaint>11100</ArmyMaint><PopMaint>3250</PopMaint><CharMaint>15720</CharMaint><TotalMaint>30070</TotalMaint><TaxRate>39</TaxRate><Revenue>15140</Revenue><Surplus>-14930</Surplus><Reserve>701</Reserve><TaxBase>12</TaxBase></Nation><Market><Product type="le"><BuyPrice>2</BuyPrice><SellPrice>1</SellPrice><MarketAvail>20726</MarketAvail><NationStores>1090</NationStores><NationProduction>200</NationProduction></Product><Product type="br"><BuyPrice>2</BuyPrice><SellPrice>1</SellPrice><MarketAvail>17845</MarketAvail><NationStores>627</NationStores><NationProduction>690</NationProduction></Product><Product type="st"><BuyPrice>9</BuyPrice><SellPrice>6</SellPrice><MarketAvail>316</MarketAvail><NationStores>370</NationStores><NationProduction>116</NationProduction></Product><Product type="mi"><BuyPrice>15</BuyPrice><SellPrice>9</SellPrice><MarketAvail>2961</MarketAvail><NationStores>312</NationStores><NationProduction>24</NationProduction></Product><Product type="fo"><BuyPrice>2</BuyPrice><SellPrice>1</SellPrice><MarketAvail>154698</MarketAvail><NationStores>7765</NationStores><NationProduction>6185</NationProduction></Product><Product type="ti"><BuyPrice>4</BuyPrice><SellPrice>2</SellPrice><MarketAvail>8967</MarketAvail><NationStores>3076</NationStores><NationProduction>1679</NationProduction></Product><Product type="mo"><BuyPrice>9</BuyPrice><SellPrice>6</SellPrice><MarketAvail>2573</MarketAvail><NationStores>138</NationStores><NationProduction>28</NationProduction></Product></Market></Economy>
<PopCentres><PopCentre HexID="0408"><Name>Unknown (Map Icon)</Name><Nation>0</Nation><NationAllegience>0</NationAllegience><FortificationLevel>2</FortificationLevel><Size>4</Size><Dock>2</Dock><Capital>0</Capital><Loyalty>0</Loyalty><InformationSource>4</InformationSource><Hidden>0</Hidden></PopCentre><PopCentre HexID="0409"><Name>Unknown (Map Icon)</Name><Nation>0</Nation><NationAllegience>0</NationAllegience><FortificationLevel>0</FortificationLevel><Size>1</Size><Dock>0</Dock><Capital>0</Capital><Loyalty>0</Loyalty><InformationSource>4</InformationSource><Hidden>0</Hidden></PopCentre><PopCentre HexID="0412"><Name>Westwood</Name><Nation>5</Nation><NationAllegience>0</NationAllegience><FortificationLevel>1</FortificationLevel><Size>3</Size><Dock>0</Dock><Capital>0</Capital><Loyalty>54</Loyalty><InformationSource>1</InformationSource><Hidden>0</Hidden></PopCentre><PopCentre HexID="0507"><Name>Unknown (Map Icon)</Name><Nation>0</Nation><NationAllegience>0</NationAllegience><FortificationLevel>1</FortificationLevel><Size>1</Size><Dock>0</Dock><Capital>0</Capital><Loyalty>0</Loyalty><InformationSource>4</InformationSource><Hidden>0</Hidden></PopCentre><PopCentre HexID="0508"><Name>Unknown (Map Icon)</Name><Nation>0</Nation><NationAllegience>0</NationAllegience><FortificationLevel>0</FortificationLevel><Size>1</Size><Dock>0</Dock><Capital>0</Capital><Loyalty>0</Loyalty><InformationSource>4</InformationSource><Hidden>0</Hidden></PopCentre><PopCentre HexID="0512"><Name>Sapling</Name><Nation>5</Nation><NationAllegience>0</NationAllegience><FortificationLevel>0</FortificationLevel><Size>1</Size><Dock>0</Dock><Capital>0</Capital><Loyalty>56</Loyalty><InformationSource>1</InformationSource><Hidden>0</Hidden></PopCentre><PopCentre HexID="0607"><Name>Unknown (Map Icon)</Name><Nation>0</Nation><NationAllegience>0</NationAllegience><FortificationLevel>0</FortificationLevel><Size>1</Size><Dock>0</Dock><Capital>0</Capital><Loyalty>0</Loyalty><InformationSource>4</InformationSource><Hidden>0</Hidden></PopCentre><PopCentre HexID="0608"><Name>Unknown (Map Icon)</Name><Nation>0</Nation><NationAllegience>0</NationAllegience><FortificationLevel>0</FortificationLevel><Size>2</Size><Dock>0</Dock><Capital>0</Capital><Loyalty>0</Loyalty><InformationSource>4</InformationSource><Hidden>0</Hidden></PopCentre><PopCentre HexID="0611"><Name>Ginglith</Name><Nation>5</Nation><NationAllegience>0</NationAllegience><FortificationLevel>0</FortificationLevel><Size>1</Size><Dock>0</Dock><Capital>0</Capital><Loyalty>22</Loyalty><InformationSource>1</InformationSource><Hidden>0</Hidden></PopCentre><PopCentre HexID="0612"><Name>Littleton</Name><Nation>5</Nation><NationAllegience>0</NationAllegience><FortificationLevel>0</FortificationLevel><Size>1</Size><Dock>0</Dock><Capital>0</Capital><Loyalty>79</Loyalty><InformationSource>1</InformationSource><Hidden>0</Hidden></PopCentre><PopCentre HexID="0613"><Name>Tokeliant</Name><Nation>5</Nation><NationAllegience>0</NationAllegience><FortificationLevel>0</FortificationLevel><Size>1</Size><Dock>0</Dock><Capital>0</Capital><Loyalty>31</Loyalty><InformationSource>1</InformationSource><Hidden>0</Hidden></PopCentre><PopCentre HexID="0614"><Name>Tuilindo</Name><Nation>5</Nation><NationAllegience>0</NationAllegience><FortificationLevel>0</FortificationLevel><Size>1</Size><Dock>0</Dock><Capital>0</Capital><Loyalty>23</Loyalty><InformationSource>1</InformationSource><Hidden>0</Hidden></PopCentre><PopCentre HexID="0711"><Name>The Gnarls</Name><Nation>5</Nation><NationAllegience>0</NationAllegience><FortificationLevel>2</FortificationLevel><Size>4</Size><Dock>2</Dock><Capital>0</Capital><Loyalty>64</Loyalty><InformationSource>1</InformationSource><Hidden>0</Hidden></PopCentre><PopCentre HexID="0712"><Name>Nowhere</Name><Nation>5</Nation><NationAllegience>0</NationAllegience><FortificationLevel>0</FortificationLevel><Size>2</Size><Dock>0</Dock><Capital>0</Capital><Loyalty>60</Loyalty><InformationSource>1</InformationSource><Hidden>0</Hidden></PopCentre><PopCentre HexID="0713"><Name>Redwood</Name><Nation>5</Nation><NationAllegience>0</NationAllegience><FortificationLevel>1</FortificationLevel><Size>4</Size><Dock>0</Dock><Capital>1</Capital><Loyalty>100</Loyalty><InformationSource>1</InformationSource><Hidden>0</Hidden></PopCentre><PopCentre HexID="0808"><Name>Unknown (Map Icon)</Name><Nation>0</Nation><NationAllegience>0</NationAllegience><FortificationLevel>0</FortificationLevel><Size>1</Size><Dock>0</Dock><Capital>0</Capital><Loyalty>0</Loyalty><InformationSource>4</InformationSource><Hidden>0</Hidden></PopCentre><PopCentre HexID="0813"><Name>Smallville</Name><Nation>5</Nation><NationAllegience>0</NationAllegience><FortificationLevel>0</FortificationLevel><Size>1</Size><Dock>0</Dock><Capital>0</Capital><Loyalty>86</Loyalty><InformationSource>1</InformationSource><Hidden>0</Hidden></PopCentre><PopCentre HexID="0814"><Name>Big Woods</Name><Nation>5</Nation><NationAllegience>0</NationAllegience><FortificationLevel>1</FortificationLevel><Size>3</Size><Dock>1</Dock><Capital>0</Capital><Loyalty>47</Loyalty><InformationSource>1</InformationSource><Hidden>0</Hidden></PopCentre><PopCentre HexID="0909"><Name>Unknown (Map Icon)</Name><Nation>0</Nation><NationAllegience>0</NationAllegience><FortificationLevel>2</FortificationLevel><Size>4</Size><Dock>2</Dock><Capital>0</Capital><Loyalty>0</Loyalty><InformationSource>4</InformationSource><Hidden>0</Hidden></PopCentre><PopCentre HexID="1007"><Name>Unknown (Map Icon)</Name><Nation>0</Nation><NationAllegience>0</NationAllegience><FortificationLevel>0</FortificationLevel><Size>2</Size><Dock>0</Dock><Capital>0</Capital><Loyalty>0</Loyalty><InformationSource>4</InformationSource><Hidden>0</Hidden></PopCentre><PopCentre HexID="1008"><Name>Unknown (Map Icon)</Name><Nation>0</Nation><NationAllegience>0</NationAllegience><FortificationLevel>0</FortificationLevel><Size>1</Size><Dock>0</Dock><Capital>0</Capital><Loyalty>0</Loyalty><InformationSource>4</InformationSource><Hidden>0</Hidden></PopCentre><PopCentre HexID="1010"><Name>Unknown (Map Icon)</Name><Nation>0</Nation><NationAllegience>0</NationAllegience><FortificationLevel>1</FortificationLevel><Size>3</Size><Dock>0</Dock><Capital>0</Capital><Loyalty>0</Loyalty><InformationSource>4</InformationSource><Hidden>0</Hidden></PopCentre><PopCentre HexID="1014"><Name>Unknown (Map Icon)</Name><Nation>0</Nation><NationAllegience>0</NationAllegience><FortificationLevel>0</FortificationLevel><Size>1</Size><Dock>0</Dock><Capital>0</Capital><Loyalty>0</Loyalty><InformationSource>4</InformationSource><Hidden>0</Hidden></PopCentre><PopCentre HexID="1015"><Name>Selen</Name><Nation>5</Nation><NationAllegience>0</NationAllegience><FortificationLevel>0</FortificationLevel><Size>1</Size><Dock>0</Dock><Capital>0</Capital><Loyalty>30</Loyalty><InformationSource>1</InformationSource><Hidden>0</Hidden></PopCentre><PopCentre HexID="1108"><Name>Unknown (Map Icon)</Name><Nation>0</Nation><NationAllegience>0</NationAllegience><FortificationLevel>4</FortificationLevel><Size>5</Size><Dock>0</Dock><Capital>0</Capital><Loyalty>0</Loyalty><InformationSource>4</InformationSource><Hidden>0</Hidden></PopCentre><PopCentre HexID="1207"><Name>Unknown (Map Icon)</Name><Nation>0</Nation><NationAllegience>0</NationAllegience><FortificationLevel>0</FortificationLevel><Size>1</Size><Dock>0</Dock><Capital>0</Capital><Loyalty>0</Loyalty><InformationSource>4</InformationSource><Hidden>0</Hidden></PopCentre><PopCentre HexID="1211"><Name>Unknown (Map Icon)</Name><Nation>0</Nation><NationAllegience>0</NationAllegience><FortificationLevel>1</FortificationLevel><Size>3</Size><Dock>1</Dock><Capital>0</Capital><Loyalty>0</Loyalty><InformationSource>4</InformationSource><Hidden>0</Hidden></PopCentre><PopCentre HexID="1215"><Name>Unknown (Map Icon)</Name><Nation>0</Nation><NationAllegience>0</NationAllegience><FortificationLevel>0</FortificationLevel><Size>3</Size><Dock>0</Dock><Capital>0</Capital><Loyalty>0</Loyalty><InformationSource>4</InformationSource><Hidden>0</Hidden></PopCentre><PopCentre HexID="1318"><Name>Unknown (Map Icon)</Name><Nation>0</Nation><NationAllegience>0</NationAllegience><FortificationLevel>0</FortificationLevel><Size>1</Size><Dock>0</Dock><Capital>0</Capital><Loyalty>0</Loyalty><InformationSource>4</InformationSource><Hidden>0</Hidden></PopCentre><PopCentre HexID="1319"><Name>Lagalen</Name><Nation>25</Nation><NationAllegience>0</NationAllegience><FortificationLevel>0</FortificationLevel><Size>1</Size><Dock>0</Dock><Capital>0</Capital><Loyalty>0</Loyalty><InformationSource>3</InformationSource><Hidden>0</Hidden></PopCentre><PopCentre HexID="1320"><Name>Unknown (Map Icon)</Name><Nation>0</Nation><NationAllegience>0</NationAllegience><FortificationLevel>0</FortificationLevel><Size>1</Size><Dock>0</Dock><Capital>0</Capital><Loyalty>0</Loyalty><InformationSource>4</InformationSource><Hidden>0</Hidden></PopCentre><PopCentre HexID="1419"><Name>Unknown (Map Icon)</Name><Nation>0</Nation><NationAllegience>0</NationAllegience><FortificationLevel>1</FortificationLevel><Size>5</Size><Dock>0</Dock><Capital>0</Capital><Loyalty>0</Loyalty><InformationSource>4</InformationSource><Hidden>0</Hidden></PopCentre><PopCentre HexID="1613"><Name>Unknown (Map Icon)</Name><Nation>0</Nation><NationAllegience>0</NationAllegience><FortificationLevel>0</FortificationLevel><Size>2</Size><Dock>0</Dock><Capital>0</Capital><Loyalty>0</Loyalty><InformationSource>4</InformationSource><Hidden>0</Hidden></PopCentre><PopCentre HexID="1614"><Name>Unknown (Map Icon)</Name><Nation>0</Nation><NationAllegience>0</NationAllegience><FortificationLevel>0</FortificationLevel><Size>1</Size><Dock>0</Dock><Capital>0</Capital><Loyalty>0</Loyalty><InformationSource>4</InformationSource><Hidden>0</Hidden></PopCentre><PopCentre HexID="1909"><Name>Unknown (Map Icon)</Name><Nation>0</Nation><NationAllegience>0</NationAllegience><FortificationLevel>0</FortificationLevel><Size>3</Size><Dock>0</Dock><Capital>0</Capital><Loyalty>0</Loyalty><InformationSource>4</InformationSource><Hidden>0</Hidden></PopCentre><PopCentre HexID="2009"><Name>Unknown (Map Icon)</Name><Nation>0</Nation><NationAllegience>0</NationAllegience><FortificationLevel>2</FortificationLevel><Size>4</Size><Dock>0</Dock><Capital>0</Capital><Loyalty>0</Loyalty><InformationSource>4</InformationSource><Hidden>0</Hidden></PopCentre><PopCentre HexID="2109"><Name>Unknown (Map Icon)</Name><Nation>0</Nation><NationAllegience>0</NationAllegience><FortificationLevel>1</FortificationLevel><Size>4</Size><Dock>0</Dock><Capital>0</Capital><Loyalty>0</Loyalty><InformationSource>4</InformationSource><Hidden>0</Hidden></PopCentre><PopCentre HexID="2309"><Name>Abdulvahap</Name><Nation>14</Nation><NationAllegience>0</NationAllegience><FortificationLevel>1</FortificationLevel><Size>3</Size><Dock>0</Dock><Capital>0</Capital><Loyalty>0</Loyalty><InformationSource>3</InformationSource><Hidden>0</Hidden></PopCentre><PopCentre HexID="4215"><Name>Hinterland</Name><Nation>13</Nation><NationAllegience>0</NationAllegience><FortificationLevel>0</FortificationLevel><Size>1</Size><Dock>0</Dock><Capital>0</Capital><Loyalty>0</Loyalty><InformationSource>3</InformationSource><Hidden>0</Hidden></PopCentre><PopCentre HexID="4408"><Name>Shathûr</Name><Nation>5</Nation><NationAllegience>0</NationAllegience><FortificationLevel>0</FortificationLevel><Size>2</Size><Dock>0</Dock><Capital>0</Capital><Loyalty>43</Loyalty><InformationSource>1</InformationSource><Hidden>0</Hidden></PopCentre></PopCentres><Armies><Army HexID="0408"><Nation>0</Nation><NationAllegience>3</NationAllegience><Size>0</Size><TroopCount>0</TroopCount><Commander>Unknown (Map Icon)</Commander><CommanderTitle></CommanderTitle><ExtraInfo></ExtraInfo><Navy>0</Navy><InformationSource>4</InformationSource><CharsTravellingWith></CharsTravellingWith></Army><Army HexID="0713"><Nation>5</Nation><NationAllegience>0</NationAllegience><Size>2</Size><TroopCount>200</TroopCount><Commander>Ithilvir</Commander><CommanderTitle>Commander</CommanderTitle><ExtraInfo>200HI</ExtraInfo><Navy>0</Navy><InformationSource>1</InformationSource><CharsTravellingWith>Gwanod Neber</CharsTravellingWith></Army><Army HexID="0713"><Nation>0</Nation><NationAllegience>1</NationAllegience><Size>0</Size><TroopCount>0</TroopCount><Commander>Unknown (Map Icon)</Commander><CommanderTitle></CommanderTitle><ExtraInfo></ExtraInfo><Navy>0</Navy><InformationSource>4</InformationSource><CharsTravellingWith></CharsTravellingWith></Army><Army HexID="0814"><Nation>5</Nation><NationAllegience>0</NationAllegience><Size>2</Size><TroopCount>400</TroopCount><Commander>Lhingril</Commander><CommanderTitle>Veteran</CommanderTitle><ExtraInfo>400HI</ExtraInfo><Navy>0</Navy><InformationSource>1</InformationSource><CharsTravellingWith></CharsTravellingWith></Army><Army HexID="0814"><Nation>0</Nation><NationAllegience>1</NationAllegience><Size>0</Size><TroopCount>0</TroopCount><Commander>Unknown (Map Icon)</Commander><CommanderTitle></CommanderTitle><ExtraInfo></ExtraInfo><Navy>0</Navy><InformationSource>4</InformationSource><CharsTravellingWith></CharsTravellingWith></Army><Army HexID="0909"><Nation>0</Nation><NationAllegience>3</NationAllegience><Size>0</Size><TroopCount>0</TroopCount><Commander>Unknown (Map Icon)</Commander><CommanderTitle></CommanderTitle><ExtraInfo></ExtraInfo><Navy>0</Navy><InformationSource>4</InformationSource><CharsTravellingWith></CharsTravellingWith></Army><Army HexID="1108"><Nation>0</Nation><NationAllegience>3</NationAllegience><Size>0</Size><TroopCount>0</TroopCount><Commander>Unknown (Map Icon)</Commander><CommanderTitle></CommanderTitle><ExtraInfo></ExtraInfo><Navy>0</Navy><InformationSource>4</InformationSource><CharsTravellingWith></CharsTravellingWith></Army><Army HexID="1117"><Nation>0</Nation><NationAllegience>3</NationAllegience><Size>0</Size><TroopCount>0</TroopCount><Commander>Unknown (Map Icon)</Commander><CommanderTitle></CommanderTitle><ExtraInfo></ExtraInfo><Navy>0</Navy><InformationSource>4</InformationSource><CharsTravellingWith></CharsTravellingWith></Army><Army HexID="1319"><Nation>5</Nation><NationAllegience>0</NationAllegience><Size>0</Size><TroopCount>2000</TroopCount><Commander>Lhimlug</Commander><CommanderTitle>Captain</CommanderTitle><ExtraInfo>2000HI</ExtraInfo><Navy>1</Navy><InformationSource>1</InformationSource><CharsTravellingWith>Celeglang</CharsTravellingWith></Army><Army HexID="1319"><Nation>25</Nation><NationAllegience>0</NationAllegience><Size>3</Size><TroopCount>100</TroopCount><Commander>Rolf Hendrics</Commander><CommanderTitle>Commander</CommanderTitle><ExtraInfo></ExtraInfo><Navy>1</Navy><InformationSource>3</InformationSource><CharsTravellingWith></CharsTravellingWith></Army><Army HexID="1319"><Nation>24</Nation><NationAllegience>0</NationAllegience><Size>2</Size><TroopCount>100</TroopCount><Commander>Shen al calhar</Commander><CommanderTitle>Commander</CommanderTitle><ExtraInfo></ExtraInfo><Navy>1</Navy><InformationSource>3</InformationSource><CharsTravellingWith></CharsTravellingWith></Army><Army HexID="1319"><Nation>0</Nation><NationAllegience>3</NationAllegience><Size>0</Size><TroopCount>0</TroopCount><Commander>Unknown (Map Icon)</Commander><CommanderTitle></CommanderTitle><ExtraInfo></ExtraInfo><Navy>0</Navy><InformationSource>4</InformationSource><CharsTravellingWith></CharsTravellingWith></Army><Army HexID="1319"><Nation>0</Nation><NationAllegience>1</NationAllegience><Size>0</Size><TroopCount>0</TroopCount><Commander>Unknown (Map Icon)</Commander><CommanderTitle></CommanderTitle><ExtraInfo></ExtraInfo><Navy>0</Navy><InformationSource>4</InformationSource><CharsTravellingWith></CharsTravellingWith></Army><Army HexID="1419"><Nation>25</Nation><NationAllegience>0</NationAllegience><Size>1</Size><TroopCount>1100</TroopCount><Commander>Ludwig Hendrics</Commander><CommanderTitle></CommanderTitle><ExtraInfo></ExtraInfo><Navy>0</Navy><InformationSource>3</InformationSource><CharsTravellingWith></CharsTravellingWith></Army><Army HexID="1419"><Nation>0</Nation><NationAllegience>3</NationAllegience><Size>0</Size><TroopCount>0</TroopCount><Commander>Unknown (Map Icon)</Commander><CommanderTitle></CommanderTitle><ExtraInfo></ExtraInfo><Navy>0</Navy><InformationSource>4</InformationSource><CharsTravellingWith></CharsTravellingWith></Army><Army HexID="2009"><Nation>0</Nation><NationAllegience>2</NationAllegience><Size>0</Size><TroopCount>0</TroopCount><Commander>Unknown (Map Icon)</Commander><CommanderTitle></CommanderTitle><ExtraInfo></ExtraInfo><Navy>0</Navy><InformationSource>4</InformationSource><CharsTravellingWith></CharsTravellingWith></Army><Army HexID="2109"><Nation>0</Nation><NationAllegience>2</NationAllegience><Size>0</Size><TroopCount>0</TroopCount><Commander>Unknown (Map Icon)</Commander><CommanderTitle></CommanderTitle><ExtraInfo></ExtraInfo><Navy>0</Navy><InformationSource>4</InformationSource><CharsTravellingWith></CharsTravellingWith></Army></Armies><NationInfo><EmptyPopHexes HexIDList="0407,0410,0411,0413,0414,0415,0416,0417,0418,0419,0509,0510,0511,0513,0514,0515,0516,0517,0518,0519,0609,0610,0615,0616,0617,0618,0619,0707,0708,0709,0710,0714,0715,0716,0717,0718,0719,0807,0809,0810,0811,0812,0815,0816,0817,0818,0819,0907,0908,0910,0911,0912,0913,0914,0915,0916,0917,0918,0919,1009,1011,1012,1013,1016,1017,1018,1019,1107,1109,1110,1111,1112,1113,1114,1115,1116,1117,1118,1119,1209,1213,1217,1218,1219,1220,1612,1712,1713,1714,1813,1908,1910,2008,2010"/><PopHexes HexIDList="0408,0409,0412,0507,0508,0512,0607,0608,0611,0612,0613,0614,0711,0712,0713,0808,0813,0814,0909,1007,1008,1010,1014,1015,1108,1207,1211,1215,1318,1319,1320,1419,1613,1614,1909,2009,2109"/><NationMessages><NationMessage>None</NationMessage></NationMessages></NationInfo><Nations><Nation ID="0">Unknown</Nation><Nation ID="1">North Kingdom</Nation><Nation ID="2">South Kingdom</Nation><Nation ID="3">Frost Men</Nation><Nation ID="4">Dustbighters</Nation><Nation ID="5">Aerithryn</Nation><Nation ID="6">Amestrians</Nation><Nation ID="7">Faux Meddle Aarmy</Nation><Nation ID="8">Twin Scorpions</Nation><Nation ID="9">Rhosgobel</Nation><Nation ID="10">Half-Orcs</Nation><Nation ID="11">Galadhrim</Nation><Nation ID="12">Drib Le Chin</Nation><Nation ID="13">Ull Navala</Nation><Nation ID="14">Farrely</Nation><Nation ID="15">Nacth Strum</Nation><Nation ID="16">Shadowborn</Nation><Nation ID="17">Heathen Kings</Nation><Nation ID="18">Vampiric Order</Nation><Nation ID="19">Scourge</Nation><Nation ID="20">Black Numenroeans</Nation><Nation ID="21">Enlightned Shadow</Nation><Nation ID="22">Fallen</Nation><Nation ID="23">Amun-Musa</Nation><Nation ID="24">Darokin</Nation><Nation ID="25">Karameikos</Nation></Nations></METurn>
