<METurn METURNVERSION="V2.0.2"><TurnInfo><GameNo>143</GameNo><TurnNo>11</TurnNo><NationNo>10</NationNo><GameType>Fourth Age, circa 1000</GameType><NationCapitalHex>3913</NationCapitalHex><DueDate>JANUARY 6 2014</DueDate><Secret>8176</Secret><Player>ADAM WATERS</Player><Account>110093</Account><NationEliminated>0</NationEliminated><Int>9F679B696597986695646496A069</Int></TurnInfo><Characters><Character ID="furmu"><Name>Furmug</Name><Location>3321</Location><Nation>10</Nation><Command>0</Command><TotalCommand>0</TotalCommand><Agent>0</Agent><TotalAgent>0</TotalAgent><Emmisary>76</Emmisary><TotalEmmisary>76</TotalEmmisary><Mage>0</Mage><TotalMage>0</TotalMage><Stealth>0</Stealth><TotalStealth>0</TotalStealth><Challenge>38</Challenge><Health>100</Health><Title></Title><InformationSource>0</InformationSource><Artifacts/><Spells/></Character><Character ID="feard"><Name>Feardach</Name><Location>3421</Location><Nation>10</Nation><Command>10</Command><TotalCommand>10</TotalCommand><Agent>0</Agent><TotalAgent>0</TotalAgent><Emmisary>76</Emmisary><TotalEmmisary>76</TotalEmmisary><Mage>20</Mage><TotalMage>20</TotalMage><Stealth>0</Stealth><TotalStealth>0</TotalStealth><Challenge>45</Challenge><Health>100</Health><Title></Title><InformationSource>0</InformationSource><Artifacts/><Spells><Spell>#4 Major Heal(73)</Spell><Spell>#508 Conjure Mounts(50)</Spell></Spells></Character><Character ID="tholm"><Name>Tholmok the Drunk</Name><Location>3711</Location><Nation>10</Nation><Command>10</Command><TotalCommand>10</TotalCommand><Agent>0</Agent><TotalAgent>0</TotalAgent><Emmisary>0</Emmisary><TotalEmmisary>0</TotalEmmisary><Mage>52</Mage><TotalMage>52</TotalMage><Stealth>0</Stealth><TotalStealth>0</TotalStealth><Challenge>54</Challenge><Health>100</Health><Title></Title><InformationSource>0</InformationSource><Artifacts/><Spells><Spell>#413 Scry Population Center(66)</Spell><Spell>#415 Scry Area(78)</Spell><Spell>#416 Reveal Production(86)</Spell><Spell>#508 Conjure Mounts(78)</Spell></Spells></Character><Character ID="ufgam"><Name>Ufgamuk theBloody</Name><Location>3711</Location><Nation>10</Nation><Command>10</Command><TotalCommand>10</TotalCommand><Agent>0</Agent><TotalAgent>0</TotalAgent><Emmisary>0</Emmisary><TotalEmmisary>0</TotalEmmisary><Mage>53</Mage><TotalMage>53</TotalMage><Stealth>0</Stealth><TotalStealth>0</TotalStealth><Challenge>55</Challenge><Health>100</Health><Title></Title><InformationSource>0</InformationSource><Artifacts/><Spells><Spell>#414 Scry Hex(81)</Spell><Spell>#415 Scry Area(57)</Spell><Spell>#416 Reveal Production(79)</Spell><Spell>#508 Conjure Mounts(90)</Spell></Spells></Character><Character ID="kazah"><Name>Kazahg</Name><Location>3816</Location><Nation>0</Nation><Command>0</Command><TotalCommand>0</TotalCommand><Agent>0</Agent><TotalAgent>0</TotalAgent><Emmisary>0</Emmisary><TotalEmmisary>0</TotalEmmisary><Mage>0</Mage><TotalMage>0</TotalMage><Stealth>0</Stealth><TotalStealth>0</TotalStealth><Challenge>0</Challenge><Health>0</Health><Title></Title><InformationSource>2</InformationSource><Artifacts/><Spells/></Character><Character ID="grumm"><Name>Grummsh</Name><Location>3913</Location><Nation>10</Nation><Command>40</Command><TotalCommand>40</TotalCommand><Agent>68</Agent><TotalAgent>68</TotalAgent><Emmisary>0</Emmisary><TotalEmmisary>0</TotalEmmisary><Mage>0</Mage><TotalMage>0</TotalMage><Stealth>0</Stealth><TotalStealth>0</TotalStealth><Challenge>61</Challenge><Health>100</Health><Title></Title><InformationSource>0</InformationSource><Artifacts/><Spells/></Character><Character ID="nox t"><Name>Nox the Impailer</Name><Location>3913</Location><Nation>10</Nation><Command>40</Command><TotalCommand>40</TotalCommand><Agent>0</Agent><TotalAgent>0</TotalAgent><Emmisary>0</Emmisary><TotalEmmisary>0</TotalEmmisary><Mage>0</Mage><TotalMage>0</TotalMage><Stealth>0</Stealth><TotalStealth>0</TotalStealth><Challenge>40</Challenge><Health>100</Health><Title></Title><InformationSource>0</InformationSource><Artifacts/><Spells/></Character><Character ID="emok "><Name>Emok </Name><Location>4226</Location><Nation>10</Nation><Command>0</Command><TotalCommand>0</TotalCommand><Agent>0</Agent><TotalAgent>0</TotalAgent><Emmisary>71</Emmisary><TotalEmmisary>71</TotalEmmisary><Mage>0</Mage><TotalMage>0</TotalMage><Stealth>0</Stealth><TotalStealth>0</TotalStealth><Challenge>35</Challenge><Health>100</Health><Title></Title><InformationSource>0</InformationSource><Artifacts/><Spells/></Character><Character ID="dunga"><Name>Dunga</Name><Location>4322</Location><Nation>10</Nation><Command>49</Command><TotalCommand>49</TotalCommand><Agent>0</Agent><TotalAgent>0</TotalAgent><Emmisary>0</Emmisary><TotalEmmisary>0</TotalEmmisary><Mage>0</Mage><TotalMage>0</TotalMage><Stealth>0</Stealth><TotalStealth>0</TotalStealth><Challenge>49</Challenge><Health>100</Health><Title></Title><InformationSource>0</InformationSource><Artifacts/><Spells/></Character><Character ID="lugmu"><Name>Lugmuk</Name><Location>4323</Location><Nation>10</Nation><Command>49</Command><TotalCommand>49</TotalCommand><Agent>0</Agent><TotalAgent>0</TotalAgent><Emmisary>0</Emmisary><TotalEmmisary>0</TotalEmmisary><Mage>0</Mage><TotalMage>0</TotalMage><Stealth>0</Stealth><TotalStealth>0</TotalStealth><Challenge>49</Challenge><Health>100</Health><Title></Title><InformationSource>0</InformationSource><Artifacts/><Spells/></Character><Character ID="kuzwa"><Name>Kuzwar Blackboot</Name><Location>4324</Location><Nation>10</Nation><Command>49</Command><TotalCommand>49</TotalCommand><Agent>0</Agent><TotalAgent>0</TotalAgent><Emmisary>0</Emmisary><TotalEmmisary>0</TotalEmmisary><Mage>0</Mage><TotalMage>0</TotalMage><Stealth>0</Stealth><TotalStealth>0</TotalStealth><Challenge>49</Challenge><Health>68</Health><Title></Title><InformationSource>0</InformationSource><Artifacts/><Spells/></Character><Character ID="morzu"><Name>Morzug Bloodaxe</Name><Location>4324</Location><Nation>10</Nation><Command>58</Command><TotalCommand>58</TotalCommand><Agent>0</Agent><TotalAgent>0</TotalAgent><Emmisary>0</Emmisary><TotalEmmisary>0</TotalEmmisary><Mage>0</Mage><TotalMage>0</TotalMage><Stealth>0</Stealth><TotalStealth>0</TotalStealth><Challenge>58</Challenge><Health>100</Health><Title></Title><InformationSource>0</InformationSource><Artifacts/><Spells/></Character><Character ID="orsma"><Name>Orsma</Name><Location>4324</Location><Nation>10</Nation><Command>0</Command><TotalCommand>0</TotalCommand><Agent>77</Agent><TotalAgent>77</TotalAgent><Emmisary>0</Emmisary><TotalEmmisary>0</TotalEmmisary><Mage>0</Mage><TotalMage>0</TotalMage><Stealth>0</Stealth><TotalStealth>0</TotalStealth><Challenge>57</Challenge><Health>100</Health><Title></Title><InformationSource>0</InformationSource><Artifacts/><Spells/></Character><Character ID="pisha"><Name>Pishaxe</Name><Location>4324</Location><Nation>10</Nation><Command>0</Command><TotalCommand>0</TotalCommand><Agent>51</Agent><TotalAgent>51</TotalAgent><Emmisary>0</Emmisary><TotalEmmisary>0</TotalEmmisary><Mage>0</Mage><TotalMage>0</TotalMage><Stealth>0</Stealth><TotalStealth>0</TotalStealth><Challenge>38</Challenge><Health>100</Health><Title></Title><InformationSource>0</InformationSource><Artifacts/><Spells/></Character><Character ID="slors"><Name>Slorsa</Name><Location>4326</Location><Nation>10</Nation><Command>0</Command><TotalCommand>0</TotalCommand><Agent>55</Agent><TotalAgent>55</TotalAgent><Emmisary>0</Emmisary><TotalEmmisary>0</TotalEmmisary><Mage>0</Mage><TotalMage>0</TotalMage><Stealth>0</Stealth><TotalStealth>0</TotalStealth><Challenge>41</Challenge><Health>100</Health><Title></Title><InformationSource>0</InformationSource><Artifacts/><Spells/></Character><Character ID="okmok"><Name>Okmok</Name><Location>HOST</Location><Nation>10</Nation><Command>0</Command><TotalCommand>0</TotalCommand><Agent>66</Agent><TotalAgent>66</TotalAgent><Emmisary>0</Emmisary><TotalEmmisary>0</TotalEmmisary><Mage>0</Mage><TotalMage>0</TotalMage><Stealth>0</Stealth><TotalStealth>0</TotalStealth><Challenge>49</Challenge><Health>100</Health><Title></Title><InformationSource>0</InformationSource><Artifacts/><Spells/></Character></Characters>
<Economy><Nation><ArmyMaint>23474</ArmyMaint><PopMaint>4250</PopMaint><CharMaint>19600</CharMaint><TotalMaint>47324</TotalMaint><TaxRate>60</TaxRate><Revenue>42348</Revenue><Surplus>-4976</Surplus><Reserve>3775</Reserve><TaxBase>27</TaxBase></Nation><Market><Product type="le"><BuyPrice>2</BuyPrice><SellPrice>1</SellPrice><MarketAvail>19614</MarketAvail><NationStores>4063</NationStores><NationProduction>453</NationProduction></Product><Product type="br"><BuyPrice>2</BuyPrice><SellPrice>1</SellPrice><MarketAvail>31191</MarketAvail><NationStores>2764</NationStores><NationProduction>322</NationProduction></Product><Product type="st"><BuyPrice>4</BuyPrice><SellPrice>2</SellPrice><MarketAvail>11009</MarketAvail><NationStores>478</NationStores><NationProduction>101</NationProduction></Product><Product type="mi"><BuyPrice>22</BuyPrice><SellPrice>12</SellPrice><MarketAvail>1815</MarketAvail><NationStores>17</NationStores><NationProduction>15</NationProduction></Product><Product type="fo"><BuyPrice>2</BuyPrice><SellPrice>1</SellPrice><MarketAvail>263202</MarketAvail><NationStores>4029</NationStores><NationProduction>2099</NationProduction></Product><Product type="ti"><BuyPrice>2</BuyPrice><SellPrice>1</SellPrice><MarketAvail>18885</MarketAvail><NationStores>2963</NationStores><NationProduction>151</NationProduction></Product><Product type="mo"><BuyPrice>6</BuyPrice><SellPrice>3</SellPrice><MarketAvail>6563</MarketAvail><NationStores>1525</NationStores><NationProduction>47</NationProduction></Product></Market></Economy>
<PopCentres><PopCentre HexID="3013"><Name>Cagmolaga</Name><Nation>10</Nation><NationAllegience>0</NationAllegience><FortificationLevel>0</FortificationLevel><Size>2</Size><Dock>0</Dock><Capital>0</Capital><Loyalty>37</Loyalty><InformationSource>1</InformationSource><Hidden>0</Hidden></PopCentre><PopCentre HexID="3321"><Name>Arex</Name><Nation>10</Nation><NationAllegience>0</NationAllegience><FortificationLevel>0</FortificationLevel><Size>2</Size><Dock>0</Dock><Capital>0</Capital><Loyalty>41</Loyalty><InformationSource>1</InformationSource><Hidden>0</Hidden></PopCentre><PopCentre HexID="3322"><Name>Bartrex</Name><Nation>10</Nation><NationAllegience>0</NationAllegience><FortificationLevel>0</FortificationLevel><Size>2</Size><Dock>0</Dock><Capital>0</Capital><Loyalty>34</Loyalty><InformationSource>1</InformationSource><Hidden>0</Hidden></PopCentre><PopCentre HexID="3411"><Name>Normog</Name><Nation>10</Nation><NationAllegience>0</NationAllegience><FortificationLevel>0</FortificationLevel><Size>3</Size><Dock>0</Dock><Capital>0</Capital><Loyalty>36</Loyalty><InformationSource>1</InformationSource><Hidden>0</Hidden></PopCentre><PopCentre HexID="3416"><Name>Unknown (Map Icon)</Name><Nation>0</Nation><NationAllegience>0</NationAllegience><FortificationLevel>1</FortificationLevel><Size>2</Size><Dock>0</Dock><Capital>0</Capital><Loyalty>0</Loyalty><InformationSource>4</InformationSource><Hidden>0</Hidden></PopCentre><PopCentre HexID="3421"><Name>Osteluir</Name><Nation>14</Nation><NationAllegience>0</NationAllegience><FortificationLevel>0</FortificationLevel><Size>1</Size><Dock>0</Dock><Capital>0</Capital><Loyalty>0</Loyalty><InformationSource>3</InformationSource><Hidden>0</Hidden></PopCentre><PopCentre HexID="3517"><Name>Unknown (Map Icon)</Name><Nation>0</Nation><NationAllegience>0</NationAllegience><FortificationLevel>0</FortificationLevel><Size>1</Size><Dock>0</Dock><Capital>0</Capital><Loyalty>0</Loyalty><InformationSource>4</InformationSource><Hidden>0</Hidden></PopCentre><PopCentre HexID="3607"><Name>Unknown (Map Icon)</Name><Nation>0</Nation><NationAllegience>0</NationAllegience><FortificationLevel>0</FortificationLevel><Size>2</Size><Dock>0</Dock><Capital>0</Capital><Loyalty>0</Loyalty><InformationSource>4</InformationSource><Hidden>0</Hidden></PopCentre><PopCentre HexID="3612"><Name>Wojap City</Name><Nation>10</Nation><NationAllegience>0</NationAllegience><FortificationLevel>2</FortificationLevel><Size>4</Size><Dock>1</Dock><Capital>0</Capital><Loyalty>48</Loyalty><InformationSource>1</InformationSource><Hidden>0</Hidden></PopCentre><PopCentre HexID="3707"><Name>Unknown (Map Icon)</Name><Nation>0</Nation><NationAllegience>0</NationAllegience><FortificationLevel>0</FortificationLevel><Size>2</Size><Dock>0</Dock><Capital>0</Capital><Loyalty>0</Loyalty><InformationSource>4</InformationSource><Hidden>0</Hidden></PopCentre><PopCentre HexID="3710"><Name>Warholm</Name><Nation>10</Nation><NationAllegience>0</NationAllegience><FortificationLevel>0</FortificationLevel><Size>4</Size><Dock>0</Dock><Capital>0</Capital><Loyalty>55</Loyalty><InformationSource>1</InformationSource><Hidden>0</Hidden></PopCentre><PopCentre HexID="3711"><Name>Dungortheb</Name><Nation>10</Nation><NationAllegience>0</NationAllegience><FortificationLevel>0</FortificationLevel><Size>3</Size><Dock>0</Dock><Capital>0</Capital><Loyalty>49</Loyalty><InformationSource>1</InformationSource><Hidden>0</Hidden></PopCentre><PopCentre HexID="3712"><Name>Sargortheb</Name><Nation>10</Nation><NationAllegience>0</NationAllegience><FortificationLevel>0</FortificationLevel><Size>3</Size><Dock>0</Dock><Capital>0</Capital><Loyalty>23</Loyalty><InformationSource>1</InformationSource><Hidden>0</Hidden></PopCentre><PopCentre HexID="3713"><Name>Unknown (Map Icon)</Name><Nation>0</Nation><NationAllegience>0</NationAllegience><FortificationLevel>0</FortificationLevel><Size>1</Size><Dock>0</Dock><Capital>0</Capital><Loyalty>0</Loyalty><InformationSource>4</InformationSource><Hidden>0</Hidden></PopCentre><PopCentre HexID="3807"><Name>Unknown (Map Icon)</Name><Nation>0</Nation><NationAllegience>0</NationAllegience><FortificationLevel>0</FortificationLevel><Size>2</Size><Dock>0</Dock><Capital>0</Capital><Loyalty>0</Loyalty><InformationSource>4</InformationSource><Hidden>0</Hidden></PopCentre><PopCentre HexID="3808"><Name>Unknown (Map Icon)</Name><Nation>0</Nation><NationAllegience>0</NationAllegience><FortificationLevel>1</FortificationLevel><Size>4</Size><Dock>0</Dock><Capital>0</Capital><Loyalty>0</Loyalty><InformationSource>4</InformationSource><Hidden>0</Hidden></PopCentre><PopCentre HexID="3816"><Name>Cuzdorf</Name><Nation>10</Nation><NationAllegience>0</NationAllegience><FortificationLevel>1</FortificationLevel><Size>2</Size><Dock>0</Dock><Capital>0</Capital><Loyalty>38</Loyalty><InformationSource>1</InformationSource><Hidden>0</Hidden></PopCentre><PopCentre HexID="3817"><Name>Unknown (Map Icon)</Name><Nation>0</Nation><NationAllegience>0</NationAllegience><FortificationLevel>0</FortificationLevel><Size>2</Size><Dock>0</Dock><Capital>0</Capital><Loyalty>0</Loyalty><InformationSource>4</InformationSource><Hidden>0</Hidden></PopCentre><PopCentre HexID="3913"><Name>Yaargle</Name><Nation>10</Nation><NationAllegience>0</NationAllegience><FortificationLevel>2</FortificationLevel><Size>5</Size><Dock>2</Dock><Capital>1</Capital><Loyalty>78</Loyalty><InformationSource>1</InformationSource><Hidden>0</Hidden></PopCentre><PopCentre HexID="3914"><Name>Cungabok</Name><Nation>10</Nation><NationAllegience>0</NationAllegience><FortificationLevel>1</FortificationLevel><Size>3</Size><Dock>0</Dock><Capital>0</Capital><Loyalty>70</Loyalty><InformationSource>1</InformationSource><Hidden>0</Hidden></PopCentre><PopCentre HexID="3921"><Name>Eastmoor</Name><Nation>10</Nation><NationAllegience>0</NationAllegience><FortificationLevel>0</FortificationLevel><Size>2</Size><Dock>0</Dock><Capital>0</Capital><Loyalty>36</Loyalty><InformationSource>1</InformationSource><Hidden>0</Hidden></PopCentre><PopCentre HexID="4013"><Name>Eastwall</Name><Nation>10</Nation><NationAllegience>0</NationAllegience><FortificationLevel>1</FortificationLevel><Size>3</Size><Dock>0</Dock><Capital>0</Capital><Loyalty>42</Loyalty><InformationSource>1</InformationSource><Hidden>0</Hidden></PopCentre><PopCentre HexID="4015"><Name>Unknown (Map Icon)</Name><Nation>0</Nation><NationAllegience>0</NationAllegience><FortificationLevel>0</FortificationLevel><Size>2</Size><Dock>0</Dock><Capital>0</Capital><Loyalty>0</Loyalty><InformationSource>4</InformationSource><Hidden>0</Hidden></PopCentre><PopCentre HexID="4107"><Name>Unknown (Map Icon)</Name><Nation>0</Nation><NationAllegience>0</NationAllegience><FortificationLevel>1</FortificationLevel><Size>3</Size><Dock>0</Dock><Capital>0</Capital><Loyalty>0</Loyalty><InformationSource>4</InformationSource><Hidden>0</Hidden></PopCentre><PopCentre HexID="4110"><Name>Unknown (Map Icon)</Name><Nation>0</Nation><NationAllegience>0</NationAllegience><FortificationLevel>0</FortificationLevel><Size>2</Size><Dock>0</Dock><Capital>0</Capital><Loyalty>0</Loyalty><InformationSource>4</InformationSource><Hidden>0</Hidden></PopCentre><PopCentre HexID="4211"><Name>Unknown (Map Icon)</Name><Nation>0</Nation><NationAllegience>0</NationAllegience><FortificationLevel>0</FortificationLevel><Size>1</Size><Dock>0</Dock><Capital>0</Capital><Loyalty>0</Loyalty><InformationSource>4</InformationSource><Hidden>0</Hidden></PopCentre><PopCentre HexID="4215"><Name>Unknown (Map Icon)</Name><Nation>0</Nation><NationAllegience>0</NationAllegience><FortificationLevel>0</FortificationLevel><Size>1</Size><Dock>0</Dock><Capital>0</Capital><Loyalty>0</Loyalty><InformationSource>4</InformationSource><Hidden>0</Hidden></PopCentre><PopCentre HexID="4226"><Name>Dragon Scales</Name><Nation>19</Nation><NationAllegience>0</NationAllegience><FortificationLevel>0</FortificationLevel><Size>2</Size><Dock>0</Dock><Capital>0</Capital><Loyalty>0</Loyalty><InformationSource>3</InformationSource><Hidden>0</Hidden></PopCentre><PopCentre HexID="4320"><Name>Cor Dunneth</Name><Nation>10</Nation><NationAllegience>0</NationAllegience><FortificationLevel>0</FortificationLevel><Size>2</Size><Dock>0</Dock><Capital>0</Capital><Loyalty>22</Loyalty><InformationSource>1</InformationSource><Hidden>0</Hidden></PopCentre><PopCentre HexID="4326"><Name>Thousand Spears</Name><Nation>19</Nation><NationAllegience>0</NationAllegience><FortificationLevel>1</FortificationLevel><Size>4</Size><Dock>0</Dock><Capital>0</Capital><Loyalty>0</Loyalty><InformationSource>3</InformationSource><Hidden>0</Hidden></PopCentre><PopCentre HexID="4413"><Name>Fjordland</Name><Nation>10</Nation><NationAllegience>0</NationAllegience><FortificationLevel>0</FortificationLevel><Size>2</Size><Dock>0</Dock><Capital>0</Capital><Loyalty>33</Loyalty><InformationSource>1</InformationSource><Hidden>0</Hidden></PopCentre></PopCentres><Armies><Army HexID="3416"><Nation>0</Nation><NationAllegience>1</NationAllegience><Size>0</Size><TroopCount>0</TroopCount><Commander>Unknown (Map Icon)</Commander><CommanderTitle></CommanderTitle><ExtraInfo></ExtraInfo><Navy>0</Navy><InformationSource>4</InformationSource><CharsTravellingWith></CharsTravellingWith></Army><Army HexID="3707"><Nation>0</Nation><NationAllegience>1</NationAllegience><Size>0</Size><TroopCount>0</TroopCount><Commander>Unknown (Map Icon)</Commander><CommanderTitle></CommanderTitle><ExtraInfo></ExtraInfo><Navy>0</Navy><InformationSource>4</InformationSource><CharsTravellingWith></CharsTravellingWith></Army><Army HexID="3913"><Nation>10</Nation><NationAllegience>0</NationAllegience><Size>2</Size><TroopCount>100</TroopCount><Commander>Nox the Impailer</Commander><CommanderTitle>Captain</CommanderTitle><ExtraInfo>100LC</ExtraInfo><Navy>0</Navy><InformationSource>1</InformationSource><CharsTravellingWith></CharsTravellingWith></Army><Army HexID="3913"><Nation>0</Nation><NationAllegience>1</NationAllegience><Size>0</Size><TroopCount>0</TroopCount><Commander>Unknown (Map Icon)</Commander><CommanderTitle></CommanderTitle><ExtraInfo></ExtraInfo><Navy>0</Navy><InformationSource>4</InformationSource><CharsTravellingWith></CharsTravellingWith></Army><Army HexID="4322"><Nation>10</Nation><NationAllegience>0</NationAllegience><Size>0</Size><TroopCount>1000</TroopCount><Commander>Dunga</Commander><CommanderTitle>Captain</CommanderTitle><ExtraInfo>1000HC</ExtraInfo><Navy>0</Navy><InformationSource>1</InformationSource><CharsTravellingWith></CharsTravellingWith></Army><Army HexID="4323"><Nation>10</Nation><NationAllegience>0</NationAllegience><Size>0</Size><TroopCount>1394</TroopCount><Commander>Lugmuk</Commander><CommanderTitle>Captain</CommanderTitle><ExtraInfo>1394HI</ExtraInfo><Navy>0</Navy><InformationSource>1</InformationSource><CharsTravellingWith></CharsTravellingWith></Army><Army HexID="4324"><Nation>10</Nation><NationAllegience>0</NationAllegience><Size>0</Size><TroopCount>1879</TroopCount><Commander>Morzug Bloodaxe</Commander><CommanderTitle>Lord</CommanderTitle><ExtraInfo>1787HC 92LC</ExtraInfo><Navy>0</Navy><InformationSource>1</InformationSource><CharsTravellingWith>Kuzwar Blackboot - Pishaxe</CharsTravellingWith></Army><Army HexID="4324"><Nation>13</Nation><NationAllegience>0</NationAllegience><Size>3</Size><TroopCount>0</TroopCount><Commander>Thorgrim</Commander><CommanderTitle>Commander</CommanderTitle><ExtraInfo></ExtraInfo><Navy>0</Navy><InformationSource>3</InformationSource><CharsTravellingWith></CharsTravellingWith></Army><Army HexID="4324"><Nation>6</Nation><NationAllegience>0</NationAllegience><Size>2</Size><TroopCount>0</TroopCount><Commander>Wrath</Commander><CommanderTitle>Lord</CommanderTitle><ExtraInfo></ExtraInfo><Navy>0</Navy><InformationSource>3</InformationSource><CharsTravellingWith></CharsTravellingWith></Army><Army HexID="4413"><Nation>13</Nation><NationAllegience>0</NationAllegience><Size>2</Size><TroopCount>0</TroopCount><Commander>Regvuld</Commander><CommanderTitle>Captain</CommanderTitle><ExtraInfo></ExtraInfo><Navy>0</Navy><InformationSource>3</InformationSource><CharsTravellingWith></CharsTravellingWith></Army></Armies><NationInfo><EmptyPopHexes HexIDList="3407,3408,3409,3410,3412,3413,3414,3415,3417,3418,3419,3507,3508,3509,3510,3511,3512,3513,3514,3515,3516,3518,3519,3608,3609,3610,3611,3613,3614,3615,3616,3617,3618,3619,3708,3709,3714,3715,3716,3717,3718,3719,3809,3810,3811,3812,3813,3814,3815,3818,3819,3907,3908,3909,3910,3911,3912,3915,3916,3917,3918,3919,4007,4008,4009,4010,4011,4012,4014,4016,4017,4018,4019,4108,4109,4111,4112,4113,4114,4115,4116,4117,4118,4119,4207,4209,4213,4217,4219"/><PopHexes HexIDList="3411,3416,3517,3607,3612,3707,3710,3711,3712,3713,3807,3808,3816,3817,3913,3914,4013,4015,4107,4110,4211,4215"/><NationMessages><NationMessage>There are rumors of the fall of a Strategic Site. </NationMessage><NationMessage>169 Gold was stolen at Cungabok. </NationMessage><NationMessage>1175 Gold was stolen at Cagmolaga. </NationMessage><NationMessage>There are rumors of Gold being transported by caravan from Darokin to Spekularum. </NationMessage></NationMessages></NationInfo><Nations><Nation ID="0">Unknown</Nation><Nation ID="1">North Kingdom</Nation><Nation ID="2">South Kingdom</Nation><Nation ID="3">Frost Men</Nation><Nation ID="4">Dustbighters</Nation><Nation ID="5">Aerithryn</Nation><Nation ID="6">Amestrians</Nation><Nation ID="7">Faux Meddle Aarmy</Nation><Nation ID="8">Twin Scorpions</Nation><Nation ID="9">Rhosgobel</Nation><Nation ID="10">Half-Orcs</Nation><Nation ID="11">Galadhrim</Nation><Nation ID="12">Drib Le Chin</Nation><Nation ID="13">Ull Navala</Nation><Nation ID="14">Farrely</Nation><Nation ID="15">Nacth Strum</Nation><Nation ID="16">Shadowborn</Nation><Nation ID="17">Heathen Kings</Nation><Nation ID="18">Vampiric Order</Nation><Nation ID="19">Scourge</Nation><Nation ID="20">Black Numenroeans</Nation><Nation ID="21">Enlightned Shadow</Nation><Nation ID="22">Fallen</Nation><Nation ID="23">Amun-Musa</Nation><Nation ID="24">Darokin</Nation><Nation ID="25">Karameikos</Nation></Nations></METurn>
