<METurn METURNVERSION="V2.0.2"><TurnInfo><GameNo>143</GameNo><TurnNo>9</TurnNo><NationNo>6</NationNo><GameType>Fourth Age, circa 1000</GameType><NationCapitalHex>3721</NationCapitalHex><DueDate>DECEMBER 9 2013</DueDate><Secret>1542</Secret><Player>GALEN KEENE</Player><Account>110759</Account><NationEliminated>0</NationEliminated><Int>986B98656D9C9867946A699F</Int></TurnInfo><Characters><Character ID="lust "><Name>Lust </Name><Location>3520</Location><Nation>6</Nation><Command>0</Command><TotalCommand>0</TotalCommand><Agent>0</Agent><TotalAgent>0</TotalAgent><Emmisary>68</Emmisary><TotalEmmisary>68</TotalEmmisary><Mage>0</Mage><TotalMage>0</TotalMage><Stealth>0</Stealth><TotalStealth>0</TotalStealth><Challenge>34</Challenge><Health>100</Health><Title></Title><InformationSource>0</InformationSource><Artifacts/><Spells/></Character><Character ID="envy "><Name>Envy </Name><Location>3721</Location><Nation>6</Nation><Command>0</Command><TotalCommand>0</TotalCommand><Agent>0</Agent><TotalAgent>0</TotalAgent><Emmisary>0</Emmisary><TotalEmmisary>0</TotalEmmisary><Mage>53</Mage><TotalMage>53</TotalMage><Stealth>0</Stealth><TotalStealth>0</TotalStealth><Challenge>53</Challenge><Health>100</Health><Title></Title><InformationSource>0</InformationSource><Artifacts/><Spells><Spell>#406 Divine Army(100)</Spell><Spell>#413 Scry Population Center(99)</Spell><Spell>#415 Scry Area(84)</Spell><Spell>#417 Divine Characters w/Forces(82)</Spell></Spells></Character><Character ID="nieno"><Name>Nienor</Name><Location>3721</Location><Nation>6</Nation><Command>0</Command><TotalCommand>0</TotalCommand><Agent>0</Agent><TotalAgent>0</TotalAgent><Emmisary>0</Emmisary><TotalEmmisary>0</TotalEmmisary><Mage>56</Mage><TotalMage>56</TotalMage><Stealth>0</Stealth><TotalStealth>0</TotalStealth><Challenge>56</Challenge><Health>100</Health><Title></Title><InformationSource>0</InformationSource><Artifacts/><Spells><Spell>#102 Barriers(71)</Spell><Spell>#204 Wild Flames(100)</Spell><Spell>#308 Capital Return(84)</Spell><Spell>#414 Scry Hex(81)</Spell><Spell>#415 Scry Area(92)</Spell></Spells></Character><Character ID="kazah"><Name>Kazahg</Name><Location>3821</Location><Nation>0</Nation><Command>0</Command><TotalCommand>0</TotalCommand><Agent>0</Agent><TotalAgent>0</TotalAgent><Emmisary>0</Emmisary><TotalEmmisary>0</TotalEmmisary><Mage>0</Mage><TotalMage>0</TotalMage><Stealth>0</Stealth><TotalStealth>0</TotalStealth><Challenge>0</Challenge><Health>0</Health><Title></Title><InformationSource>2</InformationSource><Artifacts/><Spells/></Character><Character ID="hohen"><Name>Hohenheim</Name><Location>3821</Location><Nation>6</Nation><Command>0</Command><TotalCommand>0</TotalCommand><Agent>57</Agent><TotalAgent>57</TotalAgent><Emmisary>0</Emmisary><TotalEmmisary>0</TotalEmmisary><Mage>30</Mage><TotalMage>30</TotalMage><Stealth>0</Stealth><TotalStealth>0</TotalStealth><Challenge>49</Challenge><Health>100</Health><Title></Title><InformationSource>0</InformationSource><Artifacts/><Spells><Spell>#406 Divine Army(67)</Spell><Spell>#413 Scry Population Center(66)</Spell><Spell>#415 Scry Area(82)</Spell></Spells></Character><Character ID="greed"><Name>Greed</Name><Location>4218</Location><Nation>6</Nation><Command>0</Command><TotalCommand>0</TotalCommand><Agent>0</Agent><TotalAgent>0</TotalAgent><Emmisary>0</Emmisary><TotalEmmisary>0</TotalEmmisary><Mage>55</Mage><TotalMage>55</TotalMage><Stealth>0</Stealth><TotalStealth>0</TotalStealth><Challenge>55</Challenge><Health>100</Health><Title></Title><InformationSource>0</InformationSource><Artifacts/><Spells><Spell>#408 Perceive Nationality(66)</Spell><Spell>#412 Research Artifact(100)</Spell><Spell>#418 Locate Artifact(77)</Spell><Spell>#428 Locate Artifact True(56)</Spell></Spells></Character><Character ID="arant"><Name>Arantar</Name><Location>4321</Location><Nation>6</Nation><Command>0</Command><TotalCommand>0</TotalCommand><Agent>0</Agent><TotalAgent>0</TotalAgent><Emmisary>0</Emmisary><TotalEmmisary>0</TotalEmmisary><Mage>53</Mage><TotalMage>53</TotalMage><Stealth>0</Stealth><TotalStealth>0</TotalStealth><Challenge>53</Challenge><Health>64</Health><Title></Title><InformationSource>0</InformationSource><Artifacts/><Spells><Spell>#104 Resistances(93)</Spell><Spell>#214 Call Winds(81)</Spell><Spell>#308 Capital Return(100)</Spell><Spell>#408 Perceive Nationality(82)</Spell><Spell>#412 Research Artifact(83)</Spell></Spells></Character><Character ID="dorf "><Name>Dorf in the Flask</Name><Location>4321</Location><Nation>6</Nation><Command>68</Command><TotalCommand>68</TotalCommand><Agent>20</Agent><TotalAgent>20</TotalAgent><Emmisary>10</Emmisary><TotalEmmisary>10</TotalEmmisary><Mage>40</Mage><TotalMage>40</TotalMage><Stealth>0</Stealth><TotalStealth>0</TotalStealth><Challenge>83</Challenge><Health>100</Health><Title></Title><InformationSource>0</InformationSource><Artifacts/><Spells><Spell>#2 Minor Heal(80)</Spell><Spell>#8 Heal True(77)</Spell><Spell>#314 Teleport(65)</Spell><Spell>#502 Weakness(82)</Spell></Spells></Character><Character ID="pride"><Name>Pride</Name><Location>4321</Location><Nation>6</Nation><Command>57</Command><TotalCommand>57</TotalCommand><Agent>0</Agent><TotalAgent>0</TotalAgent><Emmisary>0</Emmisary><TotalEmmisary>0</TotalEmmisary><Mage>10</Mage><TotalMage>10</TotalMage><Stealth>0</Stealth><TotalStealth>0</TotalStealth><Challenge>59</Challenge><Health>100</Health><Title></Title><InformationSource>0</InformationSource><Artifacts/><Spells><Spell>#412 Research Artifact(100)</Spell></Spells></Character><Character ID="sloth"><Name>Sloth</Name><Location>4321</Location><Nation>6</Nation><Command>0</Command><TotalCommand>0</TotalCommand><Agent>0</Agent><TotalAgent>0</TotalAgent><Emmisary>0</Emmisary><TotalEmmisary>0</TotalEmmisary><Mage>51</Mage><TotalMage>51</TotalMage><Stealth>0</Stealth><TotalStealth>0</TotalStealth><Challenge>66</Challenge><Health>91</Health><Title></Title><InformationSource>0</InformationSource><Artifacts><Artifact>#145 Raukambar</Artifact></Artifacts><Spells><Spell>#104 Resistances(73)</Spell><Spell>#314 Teleport(80)</Spell><Spell>#408 Perceive Nationality(82)</Spell><Spell>#412 Research Artifact(71)</Spell><Spell>#418 Locate Artifact(71)</Spell><Spell>#428 Locate Artifact True(81)</Spell></Spells></Character><Character ID="ulbar"><Name>Ulbar</Name><Location>4321</Location><Nation>6</Nation><Command>0</Command><TotalCommand>0</TotalCommand><Agent>0</Agent><TotalAgent>0</TotalAgent><Emmisary>0</Emmisary><TotalEmmisary>0</TotalEmmisary><Mage>52</Mage><TotalMage>52</TotalMage><Stealth>0</Stealth><TotalStealth>0</TotalStealth><Challenge>52</Challenge><Health>93</Health><Title></Title><InformationSource>0</InformationSource><Artifacts/><Spells><Spell>#104 Resistances(60)</Spell><Spell>#108 Blessings(69)</Spell><Spell>#218 Wall of Wind(76)</Spell><Spell>#302 Long Stride(87)</Spell><Spell>#404 Perceive Relations(94)</Spell><Spell>#412 Research Artifact(89)</Spell></Spells></Character><Character ID="wrath"><Name>Wrath</Name><Location>4321</Location><Nation>6</Nation><Command>55</Command><TotalCommand>55</TotalCommand><Agent>0</Agent><TotalAgent>0</TotalAgent><Emmisary>0</Emmisary><TotalEmmisary>0</TotalEmmisary><Mage>13</Mage><TotalMage>13</TotalMage><Stealth>0</Stealth><TotalStealth>0</TotalStealth><Challenge>68</Challenge><Health>100</Health><Title></Title><InformationSource>0</InformationSource><Artifacts><Artifact>#36 Gordur</Artifact></Artifacts><Spells><Spell>#412 Research Artifact(50)</Spell></Spells></Character></Characters>
<Economy><Nation><ArmyMaint>10698</ArmyMaint><PopMaint>1500</PopMaint><CharMaint>14960</CharMaint><TotalMaint>27158</TotalMaint><TaxRate>61</TaxRate><Revenue>23625</Revenue><Surplus>-3533</Surplus><Reserve>3016</Reserve><TaxBase>11</TaxBase></Nation><Market><Product type="le"><BuyPrice>3</BuyPrice><SellPrice>2</SellPrice><MarketAvail>26330</MarketAvail><NationStores>1749</NationStores><NationProduction>952</NationProduction></Product><Product type="br"><BuyPrice>3</BuyPrice><SellPrice>2</SellPrice><MarketAvail>31061</MarketAvail><NationStores>0</NationStores><NationProduction>752</NationProduction></Product><Product type="st"><BuyPrice>4</BuyPrice><SellPrice>3</SellPrice><MarketAvail>8251</MarketAvail><NationStores>1171</NationStores><NationProduction>530</NationProduction></Product><Product type="mi"><BuyPrice>101</BuyPrice><SellPrice>68</SellPrice><MarketAvail>0</MarketAvail><NationStores>84</NationStores><NationProduction>92</NationProduction></Product><Product type="fo"><BuyPrice>2</BuyPrice><SellPrice>1</SellPrice><MarketAvail>291904</MarketAvail><NationStores>41</NationStores><NationProduction>2500</NationProduction></Product><Product type="ti"><BuyPrice>3</BuyPrice><SellPrice>2</SellPrice><MarketAvail>21578</MarketAvail><NationStores>0</NationStores><NationProduction>0</NationProduction></Product><Product type="mo"><BuyPrice>5</BuyPrice><SellPrice>3</SellPrice><MarketAvail>6963</MarketAvail><NationStores>383</NationStores><NationProduction>71</NationProduction></Product></Market></Economy>
<PopCentres><PopCentre HexID="3221"><Name>Unknown (Map Icon)</Name><Nation>0</Nation><NationAllegience>0</NationAllegience><FortificationLevel>1</FortificationLevel><Size>1</Size><Dock>0</Dock><Capital>0</Capital><Loyalty>0</Loyalty><InformationSource>4</InformationSource><Hidden>0</Hidden></PopCentre><PopCentre HexID="3318"><Name>Esgalduin</Name><Nation>6</Nation><NationAllegience>0</NationAllegience><FortificationLevel>0</FortificationLevel><Size>1</Size><Dock>0</Dock><Capital>0</Capital><Loyalty>17</Loyalty><InformationSource>1</InformationSource><Hidden>0</Hidden></PopCentre><PopCentre HexID="3321"><Name>Unknown (Map Icon)</Name><Nation>0</Nation><NationAllegience>0</NationAllegience><FortificationLevel>0</FortificationLevel><Size>1</Size><Dock>0</Dock><Capital>0</Capital><Loyalty>0</Loyalty><InformationSource>4</InformationSource><Hidden>0</Hidden></PopCentre><PopCentre HexID="3322"><Name>Unknown (Map Icon)</Name><Nation>0</Nation><NationAllegience>0</NationAllegience><FortificationLevel>0</FortificationLevel><Size>2</Size><Dock>0</Dock><Capital>0</Capital><Loyalty>0</Loyalty><InformationSource>4</InformationSource><Hidden>0</Hidden></PopCentre><PopCentre HexID="3327"><Name>Unknown (Map Icon)</Name><Nation>0</Nation><NationAllegience>0</NationAllegience><FortificationLevel>0</FortificationLevel><Size>1</Size><Dock>0</Dock><Capital>0</Capital><Loyalty>0</Loyalty><InformationSource>4</InformationSource><Hidden>0</Hidden></PopCentre><PopCentre HexID="3416"><Name>Unknown (Map Icon)</Name><Nation>0</Nation><NationAllegience>0</NationAllegience><FortificationLevel>1</FortificationLevel><Size>2</Size><Dock>0</Dock><Capital>0</Capital><Loyalty>0</Loyalty><InformationSource>4</InformationSource><Hidden>0</Hidden></PopCentre><PopCentre HexID="3420"><Name>Unknown (Map Icon)</Name><Nation>0</Nation><NationAllegience>0</NationAllegience><FortificationLevel>0</FortificationLevel><Size>1</Size><Dock>0</Dock><Capital>0</Capital><Loyalty>0</Loyalty><InformationSource>4</InformationSource><Hidden>0</Hidden></PopCentre><PopCentre HexID="3421"><Name>Unknown (Map Icon)</Name><Nation>0</Nation><NationAllegience>0</NationAllegience><FortificationLevel>0</FortificationLevel><Size>2</Size><Dock>0</Dock><Capital>0</Capital><Loyalty>0</Loyalty><InformationSource>4</InformationSource><Hidden>0</Hidden></PopCentre><PopCentre HexID="3422"><Name>East</Name><Nation>6</Nation><NationAllegience>0</NationAllegience><FortificationLevel>0</FortificationLevel><Size>2</Size><Dock>0</Dock><Capital>0</Capital><Loyalty>25</Loyalty><InformationSource>1</InformationSource><Hidden>0</Hidden></PopCentre><PopCentre HexID="3423"><Name>Unknown (Map Icon)</Name><Nation>0</Nation><NationAllegience>0</NationAllegience><FortificationLevel>1</FortificationLevel><Size>1</Size><Dock>0</Dock><Capital>0</Capital><Loyalty>0</Loyalty><InformationSource>4</InformationSource><Hidden>0</Hidden></PopCentre><PopCentre HexID="3426"><Name>Unknown (Map Icon)</Name><Nation>0</Nation><NationAllegience>0</NationAllegience><FortificationLevel>0</FortificationLevel><Size>1</Size><Dock>0</Dock><Capital>0</Capital><Loyalty>0</Loyalty><InformationSource>4</InformationSource><Hidden>0</Hidden></PopCentre><PopCentre HexID="3517"><Name>Emenduin</Name><Nation>6</Nation><NationAllegience>0</NationAllegience><FortificationLevel>0</FortificationLevel><Size>2</Size><Dock>0</Dock><Capital>0</Capital><Loyalty>16</Loyalty><InformationSource>1</InformationSource><Hidden>0</Hidden></PopCentre><PopCentre HexID="3520"><Name>Voronwa</Name><Nation>6</Nation><NationAllegience>0</NationAllegience><FortificationLevel>0</FortificationLevel><Size>1</Size><Dock>0</Dock><Capital>0</Capital><Loyalty>30</Loyalty><InformationSource>1</InformationSource><Hidden>0</Hidden></PopCentre><PopCentre HexID="3521"><Name>Veassë</Name><Nation>6</Nation><NationAllegience>0</NationAllegience><FortificationLevel>0</FortificationLevel><Size>1</Size><Dock>0</Dock><Capital>0</Capital><Loyalty>23</Loyalty><InformationSource>1</InformationSource><Hidden>0</Hidden></PopCentre><PopCentre HexID="3522"><Name>Unknown (Map Icon)</Name><Nation>0</Nation><NationAllegience>0</NationAllegience><FortificationLevel>0</FortificationLevel><Size>1</Size><Dock>0</Dock><Capital>0</Capital><Loyalty>0</Loyalty><InformationSource>4</InformationSource><Hidden>0</Hidden></PopCentre><PopCentre HexID="3621"><Name>Lesra</Name><Nation>6</Nation><NationAllegience>0</NationAllegience><FortificationLevel>0</FortificationLevel><Size>1</Size><Dock>0</Dock><Capital>0</Capital><Loyalty>44</Loyalty><InformationSource>1</InformationSource><Hidden>0</Hidden></PopCentre><PopCentre HexID="3622"><Name>Devil's Nest</Name><Nation>6</Nation><NationAllegience>0</NationAllegience><FortificationLevel>0</FortificationLevel><Size>1</Size><Dock>0</Dock><Capital>0</Capital><Loyalty>37</Loyalty><InformationSource>1</InformationSource><Hidden>0</Hidden></PopCentre><PopCentre HexID="3721"><Name>Central</Name><Nation>6</Nation><NationAllegience>0</NationAllegience><FortificationLevel>1</FortificationLevel><Size>4</Size><Dock>0</Dock><Capital>1</Capital><Loyalty>52</Loyalty><InformationSource>1</InformationSource><Hidden>0</Hidden></PopCentre><PopCentre HexID="3722"><Name>Unknown (Map Icon)</Name><Nation>0</Nation><NationAllegience>0</NationAllegience><FortificationLevel>2</FortificationLevel><Size>3</Size><Dock>0</Dock><Capital>0</Capital><Loyalty>0</Loyalty><InformationSource>4</InformationSource><Hidden>0</Hidden></PopCentre><PopCentre HexID="3723"><Name>Unknown (Map Icon)</Name><Nation>0</Nation><NationAllegience>0</NationAllegience><FortificationLevel>0</FortificationLevel><Size>1</Size><Dock>0</Dock><Capital>0</Capital><Loyalty>0</Loyalty><InformationSource>4</InformationSource><Hidden>0</Hidden></PopCentre><PopCentre HexID="3816"><Name>Unknown (Map Icon)</Name><Nation>0</Nation><NationAllegience>0</NationAllegience><FortificationLevel>1</FortificationLevel><Size>2</Size><Dock>0</Dock><Capital>0</Capital><Loyalty>0</Loyalty><InformationSource>4</InformationSource><Hidden>0</Hidden></PopCentre><PopCentre HexID="3817"><Name>Unknown (Map Icon)</Name><Nation>0</Nation><NationAllegience>0</NationAllegience><FortificationLevel>0</FortificationLevel><Size>2</Size><Dock>0</Dock><Capital>0</Capital><Loyalty>0</Loyalty><InformationSource>4</InformationSource><Hidden>0</Hidden></PopCentre><PopCentre HexID="3821"><Name>New Optain</Name><Nation>6</Nation><NationAllegience>0</NationAllegience><FortificationLevel>1</FortificationLevel><Size>4</Size><Dock>0</Dock><Capital>0</Capital><Loyalty>65</Loyalty><InformationSource>1</InformationSource><Hidden>0</Hidden></PopCentre><PopCentre HexID="3822"><Name>South</Name><Nation>6</Nation><NationAllegience>0</NationAllegience><FortificationLevel>0</FortificationLevel><Size>1</Size><Dock>0</Dock><Capital>0</Capital><Loyalty>21</Loyalty><InformationSource>1</InformationSource><Hidden>0</Hidden></PopCentre><PopCentre HexID="3823"><Name>West</Name><Nation>6</Nation><NationAllegience>0</NationAllegience><FortificationLevel>0</FortificationLevel><Size>1</Size><Dock>0</Dock><Capital>0</Capital><Loyalty>55</Loyalty><InformationSource>1</InformationSource><Hidden>0</Hidden></PopCentre><PopCentre HexID="3921"><Name>Unknown (Map Icon)</Name><Nation>0</Nation><NationAllegience>0</NationAllegience><FortificationLevel>0</FortificationLevel><Size>2</Size><Dock>0</Dock><Capital>0</Capital><Loyalty>0</Loyalty><InformationSource>4</InformationSource><Hidden>0</Hidden></PopCentre><PopCentre HexID="3922"><Name>Unknown (Map Icon)</Name><Nation>0</Nation><NationAllegience>0</NationAllegience><FortificationLevel>0</FortificationLevel><Size>1</Size><Dock>0</Dock><Capital>0</Capital><Loyalty>0</Loyalty><InformationSource>4</InformationSource><Hidden>0</Hidden></PopCentre><PopCentre HexID="3923"><Name>Unknown (Map Icon)</Name><Nation>0</Nation><NationAllegience>0</NationAllegience><FortificationLevel>0</FortificationLevel><Size>1</Size><Dock>0</Dock><Capital>0</Capital><Loyalty>0</Loyalty><InformationSource>4</InformationSource><Hidden>0</Hidden></PopCentre><PopCentre HexID="4015"><Name>Unknown (Map Icon)</Name><Nation>0</Nation><NationAllegience>0</NationAllegience><FortificationLevel>0</FortificationLevel><Size>2</Size><Dock>0</Dock><Capital>0</Capital><Loyalty>0</Loyalty><InformationSource>4</InformationSource><Hidden>0</Hidden></PopCentre><PopCentre HexID="4027"><Name>Unknown (Map Icon)</Name><Nation>0</Nation><NationAllegience>0</NationAllegience><FortificationLevel>0</FortificationLevel><Size>1</Size><Dock>0</Dock><Capital>0</Capital><Loyalty>0</Loyalty><InformationSource>4</InformationSource><Hidden>0</Hidden></PopCentre><PopCentre HexID="4120"><Name>Unulló</Name><Nation>6</Nation><NationAllegience>0</NationAllegience><FortificationLevel>0</FortificationLevel><Size>1</Size><Dock>0</Dock><Capital>0</Capital><Loyalty>30</Loyalty><InformationSource>1</InformationSource><Hidden>0</Hidden></PopCentre><PopCentre HexID="4321"><Name>Ul Dalena</Name><Nation>6</Nation><NationAllegience>0</NationAllegience><FortificationLevel>1</FortificationLevel><Size>3</Size><Dock>0</Dock><Capital>0</Capital><Loyalty>23</Loyalty><InformationSource>1</InformationSource><Hidden>0</Hidden></PopCentre><PopCentre HexID="4325"><Name>Unknown (Map Icon)</Name><Nation>0</Nation><NationAllegience>0</NationAllegience><FortificationLevel>2</FortificationLevel><Size>4</Size><Dock>0</Dock><Capital>0</Capital><Loyalty>0</Loyalty><InformationSource>4</InformationSource><Hidden>0</Hidden></PopCentre><PopCentre HexID="4326"><Name>Unknown (Map Icon)</Name><Nation>0</Nation><NationAllegience>0</NationAllegience><FortificationLevel>1</FortificationLevel><Size>4</Size><Dock>0</Dock><Capital>0</Capital><Loyalty>0</Loyalty><InformationSource>4</InformationSource><Hidden>0</Hidden></PopCentre><PopCentre HexID="4420"><Name>Kel Horend</Name><Nation>6</Nation><NationAllegience>0</NationAllegience><FortificationLevel>0</FortificationLevel><Size>2</Size><Dock>0</Dock><Capital>0</Capital><Loyalty>28</Loyalty><InformationSource>1</InformationSource><Hidden>0</Hidden></PopCentre><PopCentre HexID="4425"><Name>Unknown (Map Icon)</Name><Nation>0</Nation><NationAllegience>0</NationAllegience><FortificationLevel>2</FortificationLevel><Size>4</Size><Dock>0</Dock><Capital>0</Capital><Loyalty>0</Loyalty><InformationSource>4</InformationSource><Hidden>0</Hidden></PopCentre><PopCentre HexID="4426"><Name>Unknown (Map Icon)</Name><Nation>0</Nation><NationAllegience>0</NationAllegience><FortificationLevel>1</FortificationLevel><Size>2</Size><Dock>0</Dock><Capital>0</Capital><Loyalty>0</Loyalty><InformationSource>4</InformationSource><Hidden>0</Hidden></PopCentre></PopCentres><Armies><Army HexID="3722"><Nation>0</Nation><NationAllegience>2</NationAllegience><Size>0</Size><TroopCount>0</TroopCount><Commander>Unknown (Map Icon)</Commander><CommanderTitle></CommanderTitle><ExtraInfo></ExtraInfo><Navy>0</Navy><InformationSource>4</InformationSource><CharsTravellingWith></CharsTravellingWith></Army><Army HexID="4321"><Nation>6</Nation><NationAllegience>0</NationAllegience><Size>2</Size><TroopCount>221</TroopCount><Commander>Dorf in the Flask</Commander><CommanderTitle>Regent</CommanderTitle><ExtraInfo>221HC</ExtraInfo><Navy>0</Navy><InformationSource>3</InformationSource><CharsTravellingWith></CharsTravellingWith></Army><Army HexID="4321"><Nation>6</Nation><NationAllegience>0</NationAllegience><Size>2</Size><TroopCount>541</TroopCount><Commander>Pride</Commander><CommanderTitle>Lord</CommanderTitle><ExtraInfo>541HC</ExtraInfo><Navy>0</Navy><InformationSource>3</InformationSource><CharsTravellingWith></CharsTravellingWith></Army><Army HexID="4321"><Nation>6</Nation><NationAllegience>0</NationAllegience><Size>3</Size><TroopCount>1021</TroopCount><Commander>Wrath</Commander><CommanderTitle>Lord</CommanderTitle><ExtraInfo>1021HC</ExtraInfo><Navy>0</Navy><InformationSource>1</InformationSource><CharsTravellingWith>Arantar - Sloth - Ulbar</CharsTravellingWith></Army><Army HexID="4325"><Nation>0</Nation><NationAllegience>2</NationAllegience><Size>0</Size><TroopCount>0</TroopCount><Commander>Unknown (Map Icon)</Commander><CommanderTitle></CommanderTitle><ExtraInfo></ExtraInfo><Navy>0</Navy><InformationSource>4</InformationSource><CharsTravellingWith></CharsTravellingWith></Army></Armies><NationInfo><EmptyPopHexes HexIDList="3215,3216,3217,3218,3219,3220,3222,3223,3224,3225,3226,3227,3315,3316,3317,3319,3320,3323,3324,3325,3326,3415,3417,3418,3419,3424,3425,3427,3515,3516,3518,3519,3523,3524,3525,3526,3527,3615,3616,3617,3618,3619,3620,3623,3624,3625,3626,3627,3715,3716,3717,3718,3719,3720,3724,3725,3726,3727,3815,3818,3819,3820,3824,3825,3826,3827,3915,3916,3917,3918,3919,3920,3924,3925,3926,3927,4017,4019,4021,4023,4025,4324,4424"/><PopHexes HexIDList="3221,3318,3321,3322,3327,3416,3420,3421,3422,3423,3426,3517,3520,3521,3522,3621,3622,3721,3722,3723,3816,3817,3821,3822,3823,3921,3922,3923,4015,4027,4325,4326,4425,4426"/><NationMessages><NationMessage>620 Gold was stolen at South. </NationMessage><NationMessage>There are rumors of a theft attempt involving Arioch at Cungabok. </NationMessage><NationMessage>200 Gold was stolen at Devil's Nest. </NationMessage><NationMessage>Local militia spotted Edward Elric at Ul Dalena and thwarted his mission. </NationMessage><NationMessage>There are rumors of a theft attempt involving Mouth of the Fall at Adu-Amankwah. </NationMessage><NationMessage>There are rumors of an encounter involving Concinnitas at 4019. </NationMessage></NationMessages></NationInfo><Nations><Nation ID="0">Unknown</Nation><Nation ID="1">North Kingdom</Nation><Nation ID="2">South Kingdom</Nation><Nation ID="3">Frost Men</Nation><Nation ID="4">Dustbighters</Nation><Nation ID="5">Aerithryn</Nation><Nation ID="6">Amestrians</Nation><Nation ID="7">Faux Meddle Aarmy</Nation><Nation ID="8">Twin Scorpions</Nation><Nation ID="9">Rhosgobel</Nation><Nation ID="10">Half-Orcs</Nation><Nation ID="11">Galadhrim</Nation><Nation ID="12">Drib Le Chin</Nation><Nation ID="13">Ull Navala</Nation><Nation ID="14">Farrely</Nation><Nation ID="15">Nacth Strum</Nation><Nation ID="16">Shadowborn</Nation><Nation ID="17">Heathen Kings</Nation><Nation ID="18">Vampiric Order</Nation><Nation ID="19">Scourge</Nation><Nation ID="20">Black Numenroeans</Nation><Nation ID="21">Enlightned Shadow</Nation><Nation ID="22">Fallen</Nation><Nation ID="23">Amun-Musa</Nation><Nation ID="24">Darokin</Nation><Nation ID="25">Karameikos</Nation></Nations></METurn>
