<METurn METURNVERSION="V2.0.2"><TurnInfo><GameNo>143</GameNo><TurnNo>11</TurnNo><NationNo>4</NationNo><GameType>Fourth Age, circa 1000</GameType><NationCapitalHex>3214</NationCapitalHex><DueDate>JANUARY 6 2014</DueDate><Secret>4238</Secret><Player>GENE CHIPMAN</Player><Account>110239</Account><NationEliminated>0</NationEliminated><Int>9B68976B65979B6795636699A0</Int></TurnInfo><Characters><Character ID="malan"><Name>Malantur</Name><Location>2212</Location><Nation>4</Nation><Command>0</Command><TotalCommand>0</TotalCommand><Agent>61</Agent><TotalAgent>61</TotalAgent><Emmisary>0</Emmisary><TotalEmmisary>0</TotalEmmisary><Mage>0</Mage><TotalMage>0</TotalMage><Stealth>0</Stealth><TotalStealth>0</TotalStealth><Challenge>45</Challenge><Health>100</Health><Title></Title><InformationSource>0</InformationSource><Artifacts/><Spells/></Character><Character ID="floin"><Name>Floin</Name><Location>2311</Location><Nation>4</Nation><Command>0</Command><TotalCommand>0</TotalCommand><Agent>0</Agent><TotalAgent>0</TotalAgent><Emmisary>75</Emmisary><TotalEmmisary>75</TotalEmmisary><Mage>0</Mage><TotalMage>0</TotalMage><Stealth>0</Stealth><TotalStealth>0</TotalStealth><Challenge>37</Challenge><Health>100</Health><Title></Title><InformationSource>0</InformationSource><Artifacts/><Spells/></Character><Character ID="groin"><Name>Groin</Name><Location>2311</Location><Nation>4</Nation><Command>0</Command><TotalCommand>0</TotalCommand><Agent>0</Agent><TotalAgent>0</TotalAgent><Emmisary>72</Emmisary><TotalEmmisary>72</TotalEmmisary><Mage>0</Mage><TotalMage>0</TotalMage><Stealth>0</Stealth><TotalStealth>0</TotalStealth><Challenge>36</Challenge><Health>100</Health><Title></Title><InformationSource>0</InformationSource><Artifacts/><Spells/></Character><Character ID="targo"><Name>Targon</Name><Location>2715</Location><Nation>4</Nation><Command>0</Command><TotalCommand>0</TotalCommand><Agent>65</Agent><TotalAgent>65</TotalAgent><Emmisary>0</Emmisary><TotalEmmisary>0</TotalEmmisary><Mage>0</Mage><TotalMage>0</TotalMage><Stealth>0</Stealth><TotalStealth>0</TotalStealth><Challenge>48</Challenge><Health>100</Health><Title></Title><InformationSource>0</InformationSource><Artifacts/><Spells/></Character><Character ID="frami"><Name>Frami</Name><Location>2912</Location><Nation>4</Nation><Command>45</Command><TotalCommand>45</TotalCommand><Agent>45</Agent><TotalAgent>45</TotalAgent><Emmisary>0</Emmisary><TotalEmmisary>0</TotalEmmisary><Mage>0</Mage><TotalMage>0</TotalMage><Stealth>0</Stealth><TotalStealth>0</TotalStealth><Challenge>53</Challenge><Health>47</Health><Title></Title><InformationSource>0</InformationSource><Artifacts/><Spells/></Character><Character ID="brand"><Name>Brand</Name><Location>3111</Location><Nation>4</Nation><Command>0</Command><TotalCommand>0</TotalCommand><Agent>69</Agent><TotalAgent>69</TotalAgent><Emmisary>0</Emmisary><TotalEmmisary>0</TotalEmmisary><Mage>0</Mage><TotalMage>0</TotalMage><Stealth>0</Stealth><TotalStealth>0</TotalStealth><Challenge>51</Challenge><Health>100</Health><Title></Title><InformationSource>0</InformationSource><Artifacts/><Spells/></Character><Character ID="bumbu"><Name>Bumbur Snotbeard</Name><Location>3214</Location><Nation>4</Nation><Command>0</Command><TotalCommand>0</TotalCommand><Agent>0</Agent><TotalAgent>0</TotalAgent><Emmisary>0</Emmisary><TotalEmmisary>0</TotalEmmisary><Mage>52</Mage><TotalMage>52</TotalMage><Stealth>0</Stealth><TotalStealth>0</TotalStealth><Challenge>52</Challenge><Health>100</Health><Title></Title><InformationSource>0</InformationSource><Artifacts/><Spells><Spell>#412 Research Artifact(72)</Spell><Spell>#413 Scry Population Center(81)</Spell><Spell>#415 Scry Area(56)</Spell><Spell>#508 Conjure Mounts(82)</Spell></Spells></Character><Character ID="dernw"><Name>Dernwyn</Name><Location>3214</Location><Nation>4</Nation><Command>52</Command><TotalCommand>52</TotalCommand><Agent>0</Agent><TotalAgent>0</TotalAgent><Emmisary>0</Emmisary><TotalEmmisary>0</TotalEmmisary><Mage>0</Mage><TotalMage>0</TotalMage><Stealth>0</Stealth><TotalStealth>0</TotalStealth><Challenge>52</Challenge><Health>100</Health><Title></Title><InformationSource>0</InformationSource><Artifacts/><Spells/></Character><Character ID="drami"><Name>Drami</Name><Location>3214</Location><Nation>4</Nation><Command>0</Command><TotalCommand>0</TotalCommand><Agent>0</Agent><TotalAgent>0</TotalAgent><Emmisary>65</Emmisary><TotalEmmisary>65</TotalEmmisary><Mage>30</Mage><TotalMage>30</TotalMage><Stealth>0</Stealth><TotalStealth>0</TotalStealth><Challenge>39</Challenge><Health>100</Health><Title></Title><InformationSource>0</InformationSource><Artifacts/><Spells><Spell>#302 Long Stride(75)</Spell><Spell>#412 Research Artifact(94)</Spell><Spell>#508 Conjure Mounts(100)</Spell></Spells></Character><Character ID="falin"><Name>Falin Blackeye</Name><Location>3214</Location><Nation>4</Nation><Command>44</Command><TotalCommand>44</TotalCommand><Agent>13</Agent><TotalAgent>13</TotalAgent><Emmisary>0</Emmisary><TotalEmmisary>0</TotalEmmisary><Mage>0</Mage><TotalMage>0</TotalMage><Stealth>0</Stealth><TotalStealth>0</TotalStealth><Challenge>46</Challenge><Health>100</Health><Title></Title><InformationSource>0</InformationSource><Artifacts/><Spells/></Character><Character ID="suri "><Name>Suri Sackstomper</Name><Location>3214</Location><Nation>4</Nation><Command>54</Command><TotalCommand>54</TotalCommand><Agent>0</Agent><TotalAgent>0</TotalAgent><Emmisary>0</Emmisary><TotalEmmisary>0</TotalEmmisary><Mage>0</Mage><TotalMage>0</TotalMage><Stealth>0</Stealth><TotalStealth>0</TotalStealth><Challenge>54</Challenge><Health>100</Health><Title></Title><InformationSource>0</InformationSource><Artifacts/><Spells/></Character><Character ID="uri t"><Name>Uri the Wright</Name><Location>3214</Location><Nation>4</Nation><Command>26</Command><TotalCommand>26</TotalCommand><Agent>0</Agent><TotalAgent>0</TotalAgent><Emmisary>0</Emmisary><TotalEmmisary>0</TotalEmmisary><Mage>49</Mage><TotalMage>49</TotalMage><Stealth>0</Stealth><TotalStealth>0</TotalStealth><Challenge>55</Challenge><Health>100</Health><Title></Title><InformationSource>0</InformationSource><Artifacts/><Spells><Spell>#412 Research Artifact(90)</Spell><Spell>#418 Locate Artifact(73)</Spell><Spell>#428 Locate Artifact True(66)</Spell><Spell>#508 Conjure Mounts(85)</Spell></Spells></Character><Character ID="dain "><Name>Dain Ironrod</Name><Location>3416</Location><Nation>4</Nation><Command>77</Command><TotalCommand>77</TotalCommand><Agent>0</Agent><TotalAgent>0</TotalAgent><Emmisary>0</Emmisary><TotalEmmisary>0</TotalEmmisary><Mage>0</Mage><TotalMage>0</TotalMage><Stealth>0</Stealth><TotalStealth>0</TotalStealth><Challenge>77</Challenge><Health>100</Health><Title></Title><InformationSource>0</InformationSource><Artifacts><Artifact>#6 Robes of the Orc Priests</Artifact><Artifact>#185 Flails of Horseslaying</Artifact></Artifacts><Spells/></Character><Character ID="angbo"><Name>Angbor</Name><Location>HOST</Location><Nation>4</Nation><Command>0</Command><TotalCommand>0</TotalCommand><Agent>53</Agent><TotalAgent>53</TotalAgent><Emmisary>0</Emmisary><TotalEmmisary>0</TotalEmmisary><Mage>0</Mage><TotalMage>0</TotalMage><Stealth>0</Stealth><TotalStealth>0</TotalStealth><Challenge>39</Challenge><Health>100</Health><Title></Title><InformationSource>0</InformationSource><Artifacts/><Spells/></Character></Characters>
<Economy><Nation><ArmyMaint>9765</ArmyMaint><PopMaint>4750</PopMaint><CharMaint>18940</CharMaint><TotalMaint>33455</TotalMaint><TaxRate>60</TaxRate><Revenue>24660</Revenue><Surplus>-8795</Surplus><Reserve>0</Reserve><TaxBase>16</TaxBase></Nation><Market><Product type="le"><BuyPrice>2</BuyPrice><SellPrice>1</SellPrice><MarketAvail>19614</MarketAvail><NationStores>2241</NationStores><NationProduction>561</NationProduction></Product><Product type="br"><BuyPrice>2</BuyPrice><SellPrice>1</SellPrice><MarketAvail>31191</MarketAvail><NationStores>624</NationStores><NationProduction>144</NationProduction></Product><Product type="st"><BuyPrice>4</BuyPrice><SellPrice>2</SellPrice><MarketAvail>11009</MarketAvail><NationStores>0</NationStores><NationProduction>0</NationProduction></Product><Product type="mi"><BuyPrice>22</BuyPrice><SellPrice>12</SellPrice><MarketAvail>1815</MarketAvail><NationStores>0</NationStores><NationProduction>0</NationProduction></Product><Product type="fo"><BuyPrice>2</BuyPrice><SellPrice>1</SellPrice><MarketAvail>263202</MarketAvail><NationStores>2060</NationStores><NationProduction>2060</NationProduction></Product><Product type="ti"><BuyPrice>2</BuyPrice><SellPrice>1</SellPrice><MarketAvail>18885</MarketAvail><NationStores>285</NationStores><NationProduction>170</NationProduction></Product><Product type="mo"><BuyPrice>6</BuyPrice><SellPrice>3</SellPrice><MarketAvail>6563</MarketAvail><NationStores>834</NationStores><NationProduction>42</NationProduction></Product></Market></Economy>
<PopCentres><PopCentre HexID="2212"><Name>Moria</Name><Nation>1</Nation><NationAllegience>0</NationAllegience><FortificationLevel>1</FortificationLevel><Size>2</Size><Dock>0</Dock><Capital>0</Capital><Loyalty>0</Loyalty><InformationSource>3</InformationSource><Hidden>0</Hidden></PopCentre><PopCentre HexID="2311"><Name>Mulumba</Name><Nation>14</Nation><NationAllegience>0</NationAllegience><FortificationLevel>0</FortificationLevel><Size>2</Size><Dock>0</Dock><Capital>0</Capital><Loyalty>0</Loyalty><InformationSource>3</InformationSource><Hidden>0</Hidden></PopCentre><PopCentre HexID="2715"><Name>Amon Lanc</Name><Nation>2</Nation><NationAllegience>0</NationAllegience><FortificationLevel>1</FortificationLevel><Size>2</Size><Dock>0</Dock><Capital>0</Capital><Loyalty>0</Loyalty><InformationSource>3</InformationSource><Hidden>0</Hidden></PopCentre><PopCentre HexID="2909"><Name>Unknown (Map Icon)</Name><Nation>0</Nation><NationAllegience>0</NationAllegience><FortificationLevel>2</FortificationLevel><Size>5</Size><Dock>0</Dock><Capital>0</Capital><Loyalty>0</Loyalty><InformationSource>4</InformationSource><Hidden>0</Hidden></PopCentre><PopCentre HexID="3009"><Name>Unknown (Map Icon)</Name><Nation>0</Nation><NationAllegience>0</NationAllegience><FortificationLevel>0</FortificationLevel><Size>3</Size><Dock>0</Dock><Capital>0</Capital><Loyalty>0</Loyalty><InformationSource>4</InformationSource><Hidden>0</Hidden></PopCentre><PopCentre HexID="3010"><Name>Unknown (Map Icon)</Name><Nation>0</Nation><NationAllegience>0</NationAllegience><FortificationLevel>2</FortificationLevel><Size>4</Size><Dock>2</Dock><Capital>0</Capital><Loyalty>0</Loyalty><InformationSource>4</InformationSource><Hidden>0</Hidden></PopCentre><PopCentre HexID="3011"><Name></Name><Nation>12</Nation><NationAllegience>0</NationAllegience><FortificationLevel>0</FortificationLevel><Size>1</Size><Dock>0</Dock><Capital>0</Capital><Loyalty>0</Loyalty><InformationSource>2</InformationSource><Hidden>0</Hidden></PopCentre><PopCentre HexID="3012"><Name>West Ditch</Name><Nation>4</Nation><NationAllegience>0</NationAllegience><FortificationLevel>1</FortificationLevel><Size>2</Size><Dock>0</Dock><Capital>0</Capital><Loyalty>50</Loyalty><InformationSource>1</InformationSource><Hidden>0</Hidden></PopCentre><PopCentre HexID="3013"><Name>Unknown (Map Icon)</Name><Nation>0</Nation><NationAllegience>0</NationAllegience><FortificationLevel>0</FortificationLevel><Size>2</Size><Dock>0</Dock><Capital>0</Capital><Loyalty>0</Loyalty><InformationSource>4</InformationSource><Hidden>0</Hidden></PopCentre><PopCentre HexID="3017"><Name>Tyarretta</Name><Nation>4</Nation><NationAllegience>0</NationAllegience><FortificationLevel>0</FortificationLevel><Size>1</Size><Dock>0</Dock><Capital>0</Capital><Loyalty>21</Loyalty><InformationSource>1</InformationSource><Hidden>0</Hidden></PopCentre><PopCentre HexID="3111"><Name>Sawmill</Name><Nation>4</Nation><NationAllegience>0</NationAllegience><FortificationLevel>1</FortificationLevel><Size>2</Size><Dock>0</Dock><Capital>0</Capital><Loyalty>23</Loyalty><InformationSource>1</InformationSource><Hidden>0</Hidden></PopCentre><PopCentre HexID="3112"><Name>Mudflat Landing</Name><Nation>4</Nation><NationAllegience>0</NationAllegience><FortificationLevel>0</FortificationLevel><Size>4</Size><Dock>2</Dock><Capital>0</Capital><Loyalty>28</Loyalty><InformationSource>1</InformationSource><Hidden>0</Hidden></PopCentre><PopCentre HexID="3113"><Name>Coimaas</Name><Nation>4</Nation><NationAllegience>0</NationAllegience><FortificationLevel>0</FortificationLevel><Size>1</Size><Dock>0</Dock><Capital>0</Capital><Loyalty>32</Loyalty><InformationSource>1</InformationSource><Hidden>0</Hidden></PopCentre><PopCentre HexID="3114"><Name>Drú Dôr</Name><Nation>4</Nation><NationAllegience>0</NationAllegience><FortificationLevel>0</FortificationLevel><Size>2</Size><Dock>0</Dock><Capital>0</Capital><Loyalty>19</Loyalty><InformationSource>1</InformationSource><Hidden>0</Hidden></PopCentre><PopCentre HexID="3116"><Name>Short Stand</Name><Nation>4</Nation><NationAllegience>0</NationAllegience><FortificationLevel>1</FortificationLevel><Size>1</Size><Dock>0</Dock><Capital>0</Capital><Loyalty>27</Loyalty><InformationSource>1</InformationSource><Hidden>0</Hidden></PopCentre><PopCentre HexID="3212"><Name>Passwater</Name><Nation>4</Nation><NationAllegience>0</NationAllegience><FortificationLevel>1</FortificationLevel><Size>3</Size><Dock>1</Dock><Capital>0</Capital><Loyalty>22</Loyalty><InformationSource>1</InformationSource><Hidden>0</Hidden></PopCentre><PopCentre HexID="3213"><Name>Dry Rut</Name><Nation>4</Nation><NationAllegience>0</NationAllegience><FortificationLevel>1</FortificationLevel><Size>3</Size><Dock>0</Dock><Capital>0</Capital><Loyalty>22</Loyalty><InformationSource>1</InformationSource><Hidden>0</Hidden></PopCentre><PopCentre HexID="3214"><Name>Ochrefort</Name><Nation>4</Nation><NationAllegience>0</NationAllegience><FortificationLevel>2</FortificationLevel><Size>4</Size><Dock>0</Dock><Capital>1</Capital><Loyalty>90</Loyalty><InformationSource>1</InformationSource><Hidden>0</Hidden></PopCentre><PopCentre HexID="3221"><Name>Unknown (Map Icon)</Name><Nation>0</Nation><NationAllegience>0</NationAllegience><FortificationLevel>1</FortificationLevel><Size>1</Size><Dock>0</Dock><Capital>0</Capital><Loyalty>0</Loyalty><InformationSource>4</InformationSource><Hidden>0</Hidden></PopCentre><PopCentre HexID="3321"><Name>Unknown (Map Icon)</Name><Nation>0</Nation><NationAllegience>0</NationAllegience><FortificationLevel>0</FortificationLevel><Size>2</Size><Dock>0</Dock><Capital>0</Capital><Loyalty>0</Loyalty><InformationSource>4</InformationSource><Hidden>0</Hidden></PopCentre><PopCentre HexID="3411"><Name>Unknown (Map Icon)</Name><Nation>0</Nation><NationAllegience>0</NationAllegience><FortificationLevel>0</FortificationLevel><Size>3</Size><Dock>0</Dock><Capital>0</Capital><Loyalty>0</Loyalty><InformationSource>4</InformationSource><Hidden>0</Hidden></PopCentre><PopCentre HexID="3416"><Name>Eastpost</Name><Nation>4</Nation><NationAllegience>0</NationAllegience><FortificationLevel>1</FortificationLevel><Size>2</Size><Dock>0</Dock><Capital>0</Capital><Loyalty>24</Loyalty><InformationSource>1</InformationSource><Hidden>0</Hidden></PopCentre><PopCentre HexID="3420"><Name>Unknown (Map Icon)</Name><Nation>0</Nation><NationAllegience>0</NationAllegience><FortificationLevel>0</FortificationLevel><Size>1</Size><Dock>0</Dock><Capital>0</Capital><Loyalty>0</Loyalty><InformationSource>4</InformationSource><Hidden>0</Hidden></PopCentre><PopCentre HexID="3421"><Name>Unknown (Map Icon)</Name><Nation>0</Nation><NationAllegience>0</NationAllegience><FortificationLevel>0</FortificationLevel><Size>1</Size><Dock>0</Dock><Capital>0</Capital><Loyalty>0</Loyalty><InformationSource>4</InformationSource><Hidden>0</Hidden></PopCentre><PopCentre HexID="3517"><Name>Unknown (Map Icon)</Name><Nation>0</Nation><NationAllegience>0</NationAllegience><FortificationLevel>0</FortificationLevel><Size>1</Size><Dock>0</Dock><Capital>0</Capital><Loyalty>0</Loyalty><InformationSource>4</InformationSource><Hidden>0</Hidden></PopCentre><PopCentre HexID="3520"><Name>Unknown (Map Icon)</Name><Nation>0</Nation><NationAllegience>0</NationAllegience><FortificationLevel>0</FortificationLevel><Size>2</Size><Dock>0</Dock><Capital>0</Capital><Loyalty>0</Loyalty><InformationSource>4</InformationSource><Hidden>0</Hidden></PopCentre><PopCentre HexID="3521"><Name>Unknown (Map Icon)</Name><Nation>0</Nation><NationAllegience>0</NationAllegience><FortificationLevel>0</FortificationLevel><Size>1</Size><Dock>0</Dock><Capital>0</Capital><Loyalty>0</Loyalty><InformationSource>4</InformationSource><Hidden>0</Hidden></PopCentre><PopCentre HexID="3612"><Name>Unknown (Map Icon)</Name><Nation>0</Nation><NationAllegience>0</NationAllegience><FortificationLevel>2</FortificationLevel><Size>4</Size><Dock>1</Dock><Capital>0</Capital><Loyalty>0</Loyalty><InformationSource>4</InformationSource><Hidden>0</Hidden></PopCentre><PopCentre HexID="3621"><Name>Unknown (Map Icon)</Name><Nation>0</Nation><NationAllegience>0</NationAllegience><FortificationLevel>0</FortificationLevel><Size>1</Size><Dock>0</Dock><Capital>0</Capital><Loyalty>0</Loyalty><InformationSource>4</InformationSource><Hidden>0</Hidden></PopCentre><PopCentre HexID="3711"><Name>Unknown (Map Icon)</Name><Nation>0</Nation><NationAllegience>0</NationAllegience><FortificationLevel>0</FortificationLevel><Size>3</Size><Dock>0</Dock><Capital>0</Capital><Loyalty>0</Loyalty><InformationSource>4</InformationSource><Hidden>0</Hidden></PopCentre><PopCentre HexID="3713"><Name>Unknown (Map Icon)</Name><Nation>0</Nation><NationAllegience>0</NationAllegience><FortificationLevel>0</FortificationLevel><Size>1</Size><Dock>0</Dock><Capital>0</Capital><Loyalty>0</Loyalty><InformationSource>4</InformationSource><Hidden>0</Hidden></PopCentre><PopCentre HexID="3721"><Name>Unknown (Map Icon)</Name><Nation>0</Nation><NationAllegience>0</NationAllegience><FortificationLevel>1</FortificationLevel><Size>4</Size><Dock>0</Dock><Capital>0</Capital><Loyalty>0</Loyalty><InformationSource>4</InformationSource><Hidden>0</Hidden></PopCentre><PopCentre HexID="3817"><Name>Erkassë</Name><Nation>4</Nation><NationAllegience>0</NationAllegience><FortificationLevel>0</FortificationLevel><Size>2</Size><Dock>0</Dock><Capital>0</Capital><Loyalty>29</Loyalty><InformationSource>1</InformationSource><Hidden>0</Hidden></PopCentre><PopCentre HexID="4015"><Name>Dunwedh</Name><Nation>4</Nation><NationAllegience>0</NationAllegience><FortificationLevel>0</FortificationLevel><Size>2</Size><Dock>0</Dock><Capital>0</Capital><Loyalty>17</Loyalty><InformationSource>1</InformationSource><Hidden>0</Hidden></PopCentre></PopCentres><Armies><Army HexID="2912"><Nation>4</Nation><NationAllegience>0</NationAllegience><Size>0</Size><TroopCount>1000</TroopCount><Commander>Frami</Commander><CommanderTitle>Captain</CommanderTitle><ExtraInfo>400HC 600HI</ExtraInfo><Navy>0</Navy><InformationSource>1</InformationSource><CharsTravellingWith></CharsTravellingWith></Army><Army HexID="2912"><Nation>12</Nation><NationAllegience>0</NationAllegience><Size>2</Size><TroopCount>0</TroopCount><Commander>Zerbert</Commander><CommanderTitle>Captain</CommanderTitle><ExtraInfo></ExtraInfo><Navy>0</Navy><InformationSource>3</InformationSource><CharsTravellingWith></CharsTravellingWith></Army><Army HexID="2912"><Nation>0</Nation><NationAllegience>2</NationAllegience><Size>0</Size><TroopCount>0</TroopCount><Commander>Unknown (Map Icon)</Commander><CommanderTitle></CommanderTitle><ExtraInfo></ExtraInfo><Navy>0</Navy><InformationSource>4</InformationSource><CharsTravellingWith></CharsTravellingWith></Army><Army HexID="2912"><Nation>0</Nation><NationAllegience>1</NationAllegience><Size>0</Size><TroopCount>0</TroopCount><Commander>Unknown (Map Icon)</Commander><CommanderTitle></CommanderTitle><ExtraInfo></ExtraInfo><Navy>0</Navy><InformationSource>4</InformationSource><CharsTravellingWith></CharsTravellingWith></Army><Army HexID="3214"><Nation>4</Nation><NationAllegience>0</NationAllegience><Size>2</Size><TroopCount>500</TroopCount><Commander>Suri Sackstomper</Commander><CommanderTitle>Lord</CommanderTitle><ExtraInfo>400HC 100LC</ExtraInfo><Navy>0</Navy><InformationSource>1</InformationSource><CharsTravellingWith>Dernwyn - Falin Blackeye - Uri the Wright</CharsTravellingWith></Army><Army HexID="3214"><Nation>0</Nation><NationAllegience>1</NationAllegience><Size>0</Size><TroopCount>0</TroopCount><Commander>Unknown (Map Icon)</Commander><CommanderTitle></CommanderTitle><ExtraInfo></ExtraInfo><Navy>0</Navy><InformationSource>4</InformationSource><CharsTravellingWith></CharsTravellingWith></Army><Army HexID="3416"><Nation>4</Nation><NationAllegience>0</NationAllegience><Size>2</Size><TroopCount>281</TroopCount><Commander>Dain Ironrod</Commander><CommanderTitle>Warlord</CommanderTitle><ExtraInfo>274HC 7LC</ExtraInfo><Navy>0</Navy><InformationSource>1</InformationSource><CharsTravellingWith></CharsTravellingWith></Army><Army HexID="3416"><Nation>0</Nation><NationAllegience>1</NationAllegience><Size>0</Size><TroopCount>0</TroopCount><Commander>Unknown (Map Icon)</Commander><CommanderTitle></CommanderTitle><ExtraInfo></ExtraInfo><Navy>0</Navy><InformationSource>4</InformationSource><CharsTravellingWith></CharsTravellingWith></Army></Armies><NationInfo><LostControlOf Name="Osteluir"/><EmptyPopHexes HexIDList="2910,2911,2912,2913,2914,2915,2916,2917,2918,2919,2920,2921,3014,3015,3016,3018,3019,3020,3021,3109,3110,3115,3117,3118,3119,3120,3121,3209,3210,3211,3215,3216,3217,3218,3219,3220,3309,3310,3311,3312,3313,3314,3315,3316,3317,3318,3319,3320,3409,3410,3412,3413,3414,3415,3417,3418,3419,3509,3510,3511,3512,3513,3514,3515,3516,3518,3519,3609,3610,3611,3613,3614,3615,3616,3617,3618,3619,3620,3709,3715,3717,3719"/><PopHexes HexIDList="2909,3009,3010,3011,3012,3013,3017,3111,3112,3113,3114,3116,3212,3213,3214,3221,3321,3411,3416,3420,3421,3517,3520,3521,3612,3621,3711,3713,3721"/><NationMessages><NationMessage>There are rumors of an armed conflict involving the Scourge at 4325. </NationMessage><NationMessage>Osteluir is no longer under our control. </NationMessage><NationMessage>There are rumors of the fall of a Strategic Site. </NationMessage><NationMessage>There are rumors of a sabotage attempt involving Mornedhel at Chio . </NationMessage><NationMessage>343 Gold was stolen at Dry Rut. </NationMessage><NationMessage>There are rumors of a theft attempt involving Finarfin at Shatterstone Cave. </NationMessage><NationMessage>2149 Gold was stolen at Dunwedh. </NationMessage><NationMessage>1983 Gold was stolen at Passwater. </NationMessage></NationMessages></NationInfo><Nations><Nation ID="0">Unknown</Nation><Nation ID="1">North Kingdom</Nation><Nation ID="2">South Kingdom</Nation><Nation ID="3">Frost Men</Nation><Nation ID="4">Dustbighters</Nation><Nation ID="5">Aerithryn</Nation><Nation ID="6">Amestrians</Nation><Nation ID="7">Faux Meddle Aarmy</Nation><Nation ID="8">Twin Scorpions</Nation><Nation ID="9">Rhosgobel</Nation><Nation ID="10">Half-Orcs</Nation><Nation ID="11">Galadhrim</Nation><Nation ID="12">Drib Le Chin</Nation><Nation ID="13">Ull Navala</Nation><Nation ID="14">Farrely</Nation><Nation ID="15">Nacth Strum</Nation><Nation ID="16">Shadowborn</Nation><Nation ID="17">Heathen Kings</Nation><Nation ID="18">Vampiric Order</Nation><Nation ID="19">Scourge</Nation><Nation ID="20">Black Numenroeans</Nation><Nation ID="21">Enlightned Shadow</Nation><Nation ID="22">Fallen</Nation><Nation ID="23">Amun-Musa</Nation><Nation ID="24">Darokin</Nation><Nation ID="25">Karameikos</Nation></Nations></METurn>
